"","key","x","z","id"
"1","walls",0,0,1
"2","walls",1,0,2
"3","walls",2,0,3
"4","walls",3,0,4
"5","walls",4,0,5
"6","walls",5,0,6
"7","walls",6,0,7
"8","walls",7,0,8
"9","walls",8,0,9
"10","walls",9,0,10
"11","walls",10,0,11
"12","walls",11,0,12
"13","walls",12,0,13
"14","walls",13,0,14
"15","walls",14,0,15
"16","walls",15,0,16
"17","walls",0,0,17
"18","walls",1,0,18
"19","walls",2,0,19
"20","walls",3,0,20
"21","walls",4,0,21
"22","walls",5,0,22
"23","walls",6,0,23
"24","walls",7,0,24
"25","walls",8,0,25
"26","walls",9,0,26
"27","walls",10,0,27
"28","walls",11,0,28
"29","walls",12,0,29
"30","walls",13,0,30
"31","walls",14,0,31
"32","walls",15,0,32
"33","walls",0,0,33
"34","walls",1,0,34
"35","walls",2,0,35
"36","walls",3,0,36
"37","walls",4,0,37
"38","walls",5,0,38
"39","walls",6,0,39
"40","walls",7,0,40
"41","walls",8,0,41
"42","walls",9,0,42
"43","walls",10,0,43
"44","walls",11,0,44
"45","walls",12,0,45
"46","walls",13,0,46
"47","walls",14,0,47
"48","walls",15,0,48
"49","walls",6,7,49
"50","walls",6,8,50
"51","walls",6,9,51
"52","walls",6,10,52
"53","walls",6,11,53
"54","walls",6,12,54
"55","walls",6,13,55
"56","walls",6,14,56
"57","walls",6,15,57
"58","walls",6,16,58
"59","walls",6,6,59
"60","walls",7,6,60
"61","walls",8,6,61
"62","walls",9,6,62
"63","walls",10,6,63
"64","walls",11,6,64
"65","walls",12,6,65
"66","walls",13,6,66
"67","walls",14,6,67
"68","walls",15,6,68
"69","walls",6,7,69
"70","walls",6,8,70
"71","walls",6,9,71
"72","walls",6,10,72
"73","walls",6,11,73
"74","walls",6,12,74
"75","walls",6,13,75
"76","walls",6,14,76
"77","walls",6,15,77
"78","walls",6,16,78
"79","walls",6,6,79
"80","walls",7,6,80
"81","walls",8,6,81
"82","walls",9,6,82
"83","walls",10,6,83
"84","walls",11,6,84
"85","walls",12,6,85
"86","walls",13,6,86
"87","walls",14,6,87
"88","walls",15,6,88
"89","walls",6,17,89
"90","walls",6,18,90
"91","walls",6,19,91
"92","walls",6,20,92
"93","walls",6,21,93
"94","walls",13,21,94
"95","walls",14,21,95
"96","walls",6,22,96
"97","walls",10,22,97
"98","walls",11,22,98
"99","walls",12,22,99
"100","walls",6,23,100
"101","walls",9,23,101
"102","walls",6,24,102
"103","walls",7,24,103
"104","walls",8,24,104
"105","walls",6,25,105
"106","walls",5,26,106
"107","walls",5,27,107
"108","walls",4,28,108
"109","walls",3,29,109
"110","walls",3,30,110
"111","walls",3,31,111
"112","walls",2,32,112
"113","walls",6,17,113
"114","walls",6,18,114
"115","walls",6,19,115
"116","walls",6,20,116
"117","walls",6,21,117
"118","walls",6,22,118
"119","walls",6,23,119
"120","walls",6,24,120
"121","walls",6,25,121
"122","walls",5,26,122
"123","walls",5,27,123
"124","walls",4,28,124
"125","walls",3,29,125
"126","walls",3,30,126
"127","walls",3,31,127
"128","walls",2,32,128
"129","walls",2,33,129
"130","walls",2,34,130
"131","walls",3,35,131
"132","walls",4,35,132
"133","walls",5,35,133
"134","walls",6,35,134
"135","walls",7,35,135
"136","walls",8,35,136
"137","walls",9,35,137
"138","walls",10,35,138
"139","walls",11,35,139
"140","walls",12,35,140
"141","walls",13,35,141
"142","walls",14,35,142
"143","walls",15,35,143
"144","walls",3,36,144
"145","walls",3,37,145
"146","walls",3,38,146
"147","walls",3,39,147
"148","walls",3,40,148
"149","doors",4,40,149
"150","walls",5,40,150
"151","walls",6,40,151
"152","walls",7,40,152
"153","walls",8,40,153
"154","walls",9,40,154
"155","walls",10,40,155
"156","walls",11,40,156
"157","walls",12,40,157
"158","doors",13,40,158
"159","walls",14,40,159
"160","walls",15,40,160
"161","walls",3,41,161
"162","walls",6,41,162
"163","walls",8,41,163
"164","walls",12,41,164
"165","walls",15,41,165
"166","walls",3,42,166
"167","walls",6,42,167
"168","walls",7,42,168
"169","walls",12,42,169
"170","walls",15,42,170
"171","walls",3,43,171
"172","walls",6,43,172
"173","yellow victims",11,43,173
"174","walls",12,43,174
"175","walls",15,43,175
"176","walls",3,44,176
"177","walls",6,44,177
"178","stairs",9,44,178
"179","stairs",10,44,179
"180","stairs",11,44,180
"181","walls",12,44,181
"182","walls",15,44,182
"183","walls",3,45,183
"184","walls",6,45,184
"185","walls",12,45,185
"186","walls",15,45,186
"187","walls",3,46,187
"188","stairs",9,46,188
"189","stairs",10,46,189
"190","stairs",11,46,190
"191","walls",12,46,191
"192","walls",3,47,192
"193","green victims",8,47,193
"194","walls",12,47,194
"195","walls",3,48,195
"196","walls",12,48,196
"197","walls",2,33,197
"198","walls",2,34,198
"199","walls",3,35,199
"200","walls",3,40,200
"201","doors",4,40,201
"202","walls",5,40,202
"203","walls",6,40,203
"204","walls",7,40,204
"205","walls",8,40,205
"206","walls",9,40,206
"207","walls",10,40,207
"208","walls",11,40,208
"209","walls",12,40,209
"210","doors",13,40,210
"211","walls",14,40,211
"212","walls",15,40,212
"213","walls",6,41,213
"214","walls",8,41,214
"215","walls",12,41,215
"216","walls",15,41,216
"217","walls",6,42,217
"218","walls",7,42,218
"219","walls",12,42,219
"220","walls",15,42,220
"221","walls",6,43,221
"222","walls",12,43,222
"223","walls",15,43,223
"224","walls",6,44,224
"225","walls",12,44,225
"226","walls",15,44,226
"227","walls",6,45,227
"228","walls",12,45,228
"229","walls",15,45,229
"230","walls",12,46,230
"231","walls",12,47,231
"232","walls",12,48,232
"233","walls",3,35,233
"234","walls",3,40,234
"235","doors",4,40,235
"236","walls",5,40,236
"237","walls",6,40,237
"238","walls",7,40,238
"239","walls",8,40,239
"240","walls",9,40,240
"241","walls",10,40,241
"242","walls",11,40,242
"243","walls",12,40,243
"244","doors",13,40,244
"245","walls",14,40,245
"246","walls",15,40,246
"247","walls",6,41,247
"248","walls",7,41,248
"249","walls",8,41,249
"250","walls",12,41,250
"251","walls",15,41,251
"252","walls",6,42,252
"253","walls",7,42,253
"254","walls",12,42,254
"255","walls",15,42,255
"256","walls",6,43,256
"257","walls",12,43,257
"258","walls",15,43,258
"259","walls",6,44,259
"260","walls",12,44,260
"261","walls",15,44,261
"262","walls",6,45,262
"263","walls",12,45,263
"264","walls",15,45,264
"265","walls",12,46,265
"266","walls",12,47,266
"267","walls",12,48,267
"268","walls",3,49,268
"269","walls",4,49,269
"270","walls",5,49,270
"271","walls",6,49,271
"272","walls",7,49,272
"273","walls",8,49,273
"274","walls",9,49,274
"275","walls",10,49,275
"276","walls",11,49,276
"277","walls",12,49,277
"278","walls",13,49,278
"279","walls",14,49,279
"280","walls",15,49,280
"281","walls",3,49,281
"282","walls",12,49,282
"283","walls",3,49,283
"284","walls",12,49,284
"285","walls",16,0,285
"286","walls",17,0,286
"287","walls",18,0,287
"288","walls",19,0,288
"289","walls",20,0,289
"290","walls",21,0,290
"291","walls",22,0,291
"292","walls",23,0,292
"293","walls",24,0,293
"294","walls",25,0,294
"295","walls",26,0,295
"296","walls",27,0,296
"297","walls",28,0,297
"298","walls",29,0,298
"299","walls",30,0,299
"300","walls",31,0,300
"301","walls",16,0,301
"302","walls",23,0,302
"303","walls",24,0,303
"304","walls",25,0,304
"305","walls",26,0,305
"306","walls",27,0,306
"307","walls",16,0,307
"308","walls",23,0,308
"309","walls",24,0,309
"310","walls",25,0,310
"311","walls",26,0,311
"312","walls",27,0,312
"313","doors",16,1,313
"314","walls",23,1,314
"315","yellow victims",25,1,315
"316","walls",27,1,316
"317","stairs",28,1,317
"318","stairs",29,1,318
"319","stairs",30,1,319
"320","doors",16,2,320
"321","walls",23,2,321
"322","walls",27,2,322
"323","green victims",28,2,323
"324","walls",16,3,324
"325","walls",23,3,325
"326","walls",27,3,326
"327","doors",16,4,327
"328","walls",23,4,328
"329","walls",27,4,329
"330","stairs",28,4,330
"331","doors",16,5,331
"332","walls",23,5,332
"333","walls",27,5,333
"334","stairs",28,5,334
"335","walls",16,6,335
"336","walls",23,6,336
"337","walls",27,6,337
"338","walls",16,7,338
"339","walls",17,7,339
"340","walls",19,7,340
"341","walls",21,7,341
"342","walls",23,7,342
"343","walls",27,7,343
"344","walls",16,8,344
"345","walls",23,8,345
"346","walls",24,8,346
"347","doors",25,8,347
"348","walls",26,8,348
"349","walls",27,8,349
"350","walls",28,8,350
"351","walls",29,8,351
"352","walls",16,9,352
"353","walls",16,10,353
"354","walls",16,11,354
"355","walls",17,11,355
"356","walls",16,12,356
"357","walls",18,12,357
"358","walls",16,13,358
"359","walls",17,13,359
"360","walls",18,13,360
"361","walls",19,13,361
"362","walls",20,13,362
"363","walls",21,13,363
"364","walls",22,13,364
"365","walls",23,13,365
"366","walls",24,13,366
"367","doors",25,13,367
"368","walls",26,13,368
"369","walls",27,13,369
"370","walls",28,13,370
"371","walls",29,13,371
"372","walls",30,13,372
"373","walls",31,13,373
"374","walls",16,14,374
"375","walls",16,15,375
"376","walls",16,16,376
"377","walls",19,16,377
"378","walls",20,16,378
"379","walls",21,16,379
"380","walls",22,16,380
"381","walls",23,16,381
"382","walls",27,16,382
"383","walls",28,16,383
"384","walls",29,16,384
"385","walls",30,16,385
"386","walls",31,16,386
"387","doors",16,1,387
"388","walls",27,1,388
"389","doors",16,2,389
"390","walls",27,2,390
"391","walls",16,3,391
"392","walls",27,3,392
"393","doors",16,4,393
"394","walls",27,4,394
"395","doors",16,5,395
"396","walls",27,5,396
"397","walls",16,6,397
"398","walls",27,6,398
"399","walls",16,7,399
"400","walls",17,7,400
"401","walls",19,7,401
"402","walls",21,7,402
"403","walls",27,7,403
"404","walls",23,8,404
"405","walls",24,8,405
"406","doors",25,8,406
"407","walls",26,8,407
"408","walls",27,8,408
"409","walls",28,8,409
"410","walls",29,8,410
"411","walls",16,11,411
"412","walls",17,11,412
"413","walls",16,12,413
"414","walls",16,13,414
"415","doors",25,13,415
"416","walls",19,16,416
"417","walls",20,16,417
"418","walls",21,16,418
"419","walls",22,16,419
"420","walls",23,16,420
"421","walls",27,16,421
"422","walls",28,16,422
"423","walls",29,16,423
"424","walls",30,16,424
"425","walls",31,16,425
"426","doors",16,1,426
"427","walls",27,1,427
"428","doors",16,2,428
"429","walls",27,2,429
"430","walls",16,3,430
"431","walls",27,3,431
"432","doors",16,4,432
"433","walls",27,4,433
"434","doors",16,5,434
"435","walls",27,5,435
"436","walls",16,6,436
"437","walls",27,6,437
"438","walls",16,7,438
"439","walls",17,7,439
"440","walls",19,7,440
"441","walls",21,7,441
"442","walls",27,7,442
"443","walls",23,8,443
"444","walls",24,8,444
"445","doors",25,8,445
"446","walls",26,8,446
"447","walls",27,8,447
"448","walls",28,8,448
"449","walls",29,8,449
"450","walls",16,11,450
"451","walls",17,11,451
"452","walls",16,12,452
"453","walls",16,13,453
"454","doors",25,13,454
"455","walls",19,16,455
"456","walls",20,16,456
"457","walls",21,16,457
"458","walls",22,16,458
"459","walls",23,16,459
"460","walls",27,16,460
"461","walls",28,16,461
"462","walls",29,16,462
"463","walls",30,16,463
"464","walls",31,16,464
"465","walls",16,17,465
"466","stairs",20,17,466
"467","walls",21,17,467
"468","stairs",22,17,468
"469","stairs",28,17,469
"470","walls",29,17,470
"471","stairs",30,17,471
"472","yellow victims",31,17,472
"473","walls",16,18,473
"474","stairs",19,18,474
"475","stairs",20,18,475
"476","walls",21,18,476
"477","stairs",22,18,477
"478","stairs",23,18,478
"479","stairs",27,18,479
"480","stairs",28,18,480
"481","walls",29,18,481
"482","stairs",30,18,482
"483","stairs",31,18,483
"484","walls",16,19,484
"485","stairs",20,19,485
"486","walls",21,19,486
"487","stairs",22,19,487
"488","stairs",28,19,488
"489","walls",29,19,489
"490","stairs",30,19,490
"491","walls",16,20,491
"492","walls",19,20,492
"493","walls",20,20,493
"494","walls",21,20,494
"495","walls",22,20,495
"496","walls",23,20,496
"497","walls",27,20,497
"498","walls",28,20,498
"499","walls",29,20,499
"500","walls",30,20,500
"501","walls",31,20,501
"502","walls",16,21,502
"503","stairs",20,21,503
"504","walls",21,21,504
"505","stairs",22,21,505
"506","stairs",28,21,506
"507","walls",29,21,507
"508","stairs",30,21,508
"509","walls",16,22,509
"510","stairs",19,22,510
"511","stairs",20,22,511
"512","walls",21,22,512
"513","stairs",22,22,513
"514","stairs",23,22,514
"515","stairs",27,22,515
"516","stairs",28,22,516
"517","walls",29,22,517
"518","stairs",30,22,518
"519","stairs",31,22,519
"520","walls",16,23,520
"521","stairs",20,23,521
"522","walls",21,23,522
"523","stairs",22,23,523
"524","stairs",28,23,524
"525","walls",29,23,525
"526","stairs",30,23,526
"527","walls",16,24,527
"528","walls",19,24,528
"529","walls",20,24,529
"530","walls",21,24,530
"531","walls",22,24,531
"532","walls",23,24,532
"533","walls",27,24,533
"534","walls",28,24,534
"535","walls",29,24,535
"536","walls",30,24,536
"537","walls",31,24,537
"538","walls",16,25,538
"539","yellow victims",19,25,539
"540","stairs",20,25,540
"541","walls",21,25,541
"542","stairs",22,25,542
"543","stairs",28,25,543
"544","walls",29,25,544
"545","stairs",30,25,545
"546","walls",16,26,546
"547","stairs",19,26,547
"548","stairs",20,26,548
"549","walls",21,26,549
"550","stairs",22,26,550
"551","stairs",23,26,551
"552","stairs",27,26,552
"553","stairs",28,26,553
"554","walls",29,26,554
"555","stairs",30,26,555
"556","stairs",31,26,556
"557","walls",16,27,557
"558","stairs",20,27,558
"559","walls",21,27,559
"560","stairs",22,27,560
"561","stairs",28,27,561
"562","walls",29,27,562
"563","stairs",30,27,563
"564","walls",16,28,564
"565","walls",19,28,565
"566","walls",20,28,566
"567","walls",21,28,567
"568","walls",22,28,568
"569","walls",23,28,569
"570","walls",27,28,570
"571","walls",28,28,571
"572","walls",29,28,572
"573","walls",30,28,573
"574","walls",31,28,574
"575","walls",16,29,575
"576","stairs",20,29,576
"577","walls",21,29,577
"578","stairs",22,29,578
"579","stairs",28,29,579
"580","walls",29,29,580
"581","stairs",30,29,581
"582","walls",16,30,582
"583","stairs",19,30,583
"584","stairs",20,30,584
"585","walls",21,30,585
"586","stairs",22,30,586
"587","stairs",23,30,587
"588","stairs",27,30,588
"589","stairs",28,30,589
"590","walls",29,30,590
"591","stairs",30,30,591
"592","stairs",31,30,592
"593","walls",16,31,593
"594","stairs",20,31,594
"595","walls",21,31,595
"596","stairs",22,31,596
"597","stairs",28,31,597
"598","walls",29,31,598
"599","stairs",30,31,599
"600","green victims",31,31,600
"601","walls",16,32,601
"602","walls",19,32,602
"603","walls",20,32,603
"604","walls",21,32,604
"605","walls",22,32,605
"606","walls",23,32,606
"607","walls",27,32,607
"608","walls",28,32,608
"609","walls",29,32,609
"610","walls",30,32,610
"611","walls",31,32,611
"612","walls",21,17,612
"613","walls",29,17,613
"614","walls",21,18,614
"615","walls",29,18,615
"616","walls",21,19,616
"617","walls",29,19,617
"618","walls",19,20,618
"619","walls",20,20,619
"620","walls",21,20,620
"621","walls",22,20,621
"622","walls",23,20,622
"623","walls",27,20,623
"624","walls",28,20,624
"625","walls",29,20,625
"626","walls",30,20,626
"627","walls",31,20,627
"628","walls",21,21,628
"629","walls",29,21,629
"630","walls",21,22,630
"631","walls",29,22,631
"632","walls",21,23,632
"633","walls",29,23,633
"634","walls",19,24,634
"635","walls",20,24,635
"636","walls",21,24,636
"637","walls",22,24,637
"638","walls",23,24,638
"639","walls",27,24,639
"640","walls",28,24,640
"641","walls",29,24,641
"642","walls",30,24,642
"643","walls",31,24,643
"644","walls",21,25,644
"645","walls",29,25,645
"646","walls",21,26,646
"647","walls",29,26,647
"648","walls",21,27,648
"649","walls",29,27,649
"650","walls",19,28,650
"651","walls",20,28,651
"652","walls",21,28,652
"653","walls",22,28,653
"654","walls",23,28,654
"655","walls",27,28,655
"656","walls",28,28,656
"657","walls",29,28,657
"658","walls",30,28,658
"659","walls",31,28,659
"660","walls",21,29,660
"661","walls",29,29,661
"662","walls",21,30,662
"663","walls",29,30,663
"664","walls",21,31,664
"665","walls",29,31,665
"666","walls",19,32,666
"667","walls",20,32,667
"668","walls",21,32,668
"669","walls",22,32,669
"670","walls",23,32,670
"671","walls",27,32,671
"672","walls",28,32,672
"673","walls",29,32,673
"674","walls",30,32,674
"675","walls",31,32,675
"676","walls",21,17,676
"677","walls",29,17,677
"678","walls",21,18,678
"679","walls",29,18,679
"680","walls",21,19,680
"681","walls",29,19,681
"682","walls",19,20,682
"683","walls",20,20,683
"684","walls",21,20,684
"685","walls",22,20,685
"686","walls",23,20,686
"687","walls",27,20,687
"688","walls",28,20,688
"689","walls",29,20,689
"690","walls",30,20,690
"691","walls",31,20,691
"692","walls",21,21,692
"693","walls",29,21,693
"694","walls",21,22,694
"695","walls",29,22,695
"696","walls",21,23,696
"697","walls",29,23,697
"698","walls",19,24,698
"699","walls",20,24,699
"700","walls",21,24,700
"701","walls",22,24,701
"702","walls",23,24,702
"703","walls",27,24,703
"704","walls",28,24,704
"705","walls",29,24,705
"706","walls",30,24,706
"707","walls",31,24,707
"708","walls",21,25,708
"709","walls",29,25,709
"710","walls",21,26,710
"711","walls",29,26,711
"712","walls",21,27,712
"713","walls",29,27,713
"714","walls",19,28,714
"715","walls",20,28,715
"716","walls",21,28,716
"717","walls",22,28,717
"718","walls",23,28,718
"719","walls",27,28,719
"720","walls",28,28,720
"721","walls",29,28,721
"722","walls",30,28,722
"723","walls",31,28,723
"724","walls",21,29,724
"725","walls",29,29,725
"726","walls",21,30,726
"727","walls",29,30,727
"728","walls",21,31,728
"729","walls",29,31,729
"730","walls",19,32,730
"731","walls",20,32,731
"732","walls",21,32,732
"733","walls",22,32,733
"734","walls",23,32,734
"735","walls",27,32,735
"736","walls",28,32,736
"737","walls",29,32,737
"738","walls",30,32,738
"739","walls",31,32,739
"740","walls",16,33,740
"741","walls",16,34,741
"742","walls",16,35,742
"743","walls",17,35,743
"744","walls",18,35,744
"745","walls",19,35,745
"746","walls",20,35,746
"747","walls",21,35,747
"748","walls",22,35,748
"749","walls",23,35,749
"750","walls",24,35,750
"751","doors",25,35,751
"752","walls",26,35,752
"753","walls",27,35,753
"754","walls",28,35,754
"755","walls",29,35,755
"756","walls",30,35,756
"757","walls",31,35,757
"758","walls",16,40,758
"759","walls",17,40,759
"760","walls",18,40,760
"761","walls",19,40,761
"762","walls",20,40,762
"763","walls",21,40,763
"764","doors",22,40,764
"765","walls",23,40,765
"766","walls",24,40,766
"767","walls",25,40,767
"768","walls",26,40,768
"769","walls",27,40,769
"770","walls",28,40,770
"771","walls",29,40,771
"772","walls",30,40,772
"773","doors",31,40,773
"774","walls",17,41,774
"775","walls",21,41,775
"776","walls",24,41,776
"777","walls",26,41,777
"778","walls",30,41,778
"779","walls",16,42,779
"780","walls",21,42,780
"781","walls",24,42,781
"782","walls",25,42,782
"783","walls",30,42,783
"784","yellow victims",18,43,784
"785","walls",21,43,785
"786","walls",24,43,786
"787","walls",30,43,787
"788","stairs",18,44,788
"789","stairs",19,44,789
"790","stairs",20,44,790
"791","walls",21,44,791
"792","walls",24,44,792
"793","stairs",27,44,793
"794","stairs",28,44,794
"795","stairs",29,44,795
"796","walls",30,44,796
"797","walls",21,45,797
"798","walls",24,45,798
"799","walls",30,45,799
"800","stairs",18,46,800
"801","stairs",19,46,801
"802","stairs",20,46,802
"803","walls",21,46,803
"804","stairs",27,46,804
"805","stairs",28,46,805
"806","stairs",29,46,806
"807","walls",30,46,807
"808","walls",21,47,808
"809","walls",30,47,809
"810","walls",21,48,810
"811","walls",30,48,811
"812","walls",16,35,812
"813","doors",25,35,813
"814","walls",16,40,814
"815","walls",17,40,815
"816","walls",18,40,816
"817","walls",19,40,817
"818","walls",20,40,818
"819","walls",21,40,819
"820","doors",22,40,820
"821","walls",23,40,821
"822","walls",24,40,822
"823","walls",25,40,823
"824","walls",26,40,824
"825","walls",27,40,825
"826","walls",28,40,826
"827","walls",29,40,827
"828","walls",30,40,828
"829","doors",31,40,829
"830","walls",17,41,830
"831","walls",21,41,831
"832","walls",24,41,832
"833","walls",26,41,833
"834","walls",30,41,834
"835","walls",16,42,835
"836","walls",21,42,836
"837","walls",24,42,837
"838","walls",25,42,838
"839","walls",30,42,839
"840","walls",21,43,840
"841","walls",24,43,841
"842","walls",30,43,842
"843","walls",21,44,843
"844","walls",24,44,844
"845","walls",30,44,845
"846","walls",21,45,846
"847","walls",24,45,847
"848","walls",30,45,848
"849","walls",21,46,849
"850","walls",30,46,850
"851","walls",21,47,851
"852","walls",30,47,852
"853","walls",21,48,853
"854","walls",30,48,854
"855","walls",16,35,855
"856","doors",25,35,856
"857","walls",16,40,857
"858","walls",17,40,858
"859","walls",18,40,859
"860","walls",19,40,860
"861","walls",20,40,861
"862","walls",21,40,862
"863","doors",22,40,863
"864","walls",23,40,864
"865","walls",24,40,865
"866","walls",25,40,866
"867","walls",26,40,867
"868","walls",27,40,868
"869","walls",28,40,869
"870","walls",29,40,870
"871","walls",30,40,871
"872","doors",31,40,872
"873","walls",16,41,873
"874","walls",17,41,874
"875","walls",21,41,875
"876","walls",24,41,876
"877","walls",25,41,877
"878","walls",26,41,878
"879","walls",30,41,879
"880","walls",16,42,880
"881","walls",21,42,881
"882","walls",24,42,882
"883","walls",25,42,883
"884","walls",30,42,884
"885","walls",21,43,885
"886","walls",24,43,886
"887","walls",30,43,887
"888","walls",21,44,888
"889","walls",24,44,889
"890","walls",30,44,890
"891","walls",21,45,891
"892","walls",24,45,892
"893","walls",30,45,893
"894","walls",21,46,894
"895","walls",30,46,895
"896","walls",21,47,896
"897","walls",30,47,897
"898","walls",21,48,898
"899","walls",30,48,899
"900","walls",16,49,900
"901","walls",17,49,901
"902","walls",18,49,902
"903","walls",19,49,903
"904","walls",20,49,904
"905","walls",21,49,905
"906","walls",22,49,906
"907","walls",23,49,907
"908","walls",24,49,908
"909","walls",25,49,909
"910","walls",26,49,910
"911","walls",27,49,911
"912","walls",28,49,912
"913","walls",29,49,913
"914","walls",30,49,914
"915","walls",31,49,915
"916","walls",21,49,916
"917","walls",30,49,917
"918","walls",21,49,918
"919","walls",30,49,919
"920","walls",32,0,920
"921","walls",33,0,921
"922","walls",34,0,922
"923","walls",35,0,923
"924","walls",36,0,924
"925","walls",37,0,925
"926","walls",38,0,926
"927","walls",39,0,927
"928","walls",40,0,928
"929","walls",41,0,929
"930","walls",42,0,930
"931","walls",43,0,931
"932","walls",44,0,932
"933","walls",45,0,933
"934","walls",46,0,934
"935","walls",47,0,935
"936","walls",36,0,936
"937","walls",36,0,937
"938","stairs",33,1,938
"939","stairs",34,1,939
"940","stairs",35,1,940
"941","walls",36,1,941
"942","stairs",47,1,942
"943","walls",36,2,943
"944","stairs",47,2,944
"945","walls",36,3,945
"946","stairs",47,3,946
"947","stairs",35,4,947
"948","walls",36,4,948
"949","walls",39,4,949
"950","stairs",35,5,950
"951","walls",36,5,951
"952","walls",39,5,952
"953","walls",36,6,953
"954","walls",39,6,954
"955","walls",40,6,955
"956","yellow victims",47,6,956
"957","yellow victims",35,7,957
"958","walls",36,7,958
"959","walls",39,7,959
"960","walls",41,7,960
"961","walls",34,8,961
"962","walls",35,8,962
"963","walls",36,8,963
"964","doors",37,8,964
"965","walls",39,8,965
"966","walls",40,8,966
"967","walls",41,8,967
"968","walls",42,8,968
"969","walls",43,8,969
"970","walls",44,8,970
"971","walls",45,8,971
"972","walls",46,8,972
"973","walls",47,8,973
"974","walls",32,13,974
"975","walls",33,13,975
"976","walls",34,13,976
"977","walls",39,13,977
"978","walls",40,13,978
"979","doors",41,13,979
"980","walls",42,13,980
"981","walls",43,13,981
"982","walls",44,13,982
"983","walls",45,13,983
"984","walls",46,13,984
"985","walls",47,13,985
"986","walls",34,14,986
"987","walls",39,14,987
"988","walls",40,14,988
"989","walls",46,14,989
"990","walls",47,14,990
"991","walls",34,15,991
"992","walls",39,15,992
"993","walls",40,15,993
"994","walls",46,15,994
"995","walls",47,15,995
"996","walls",34,16,996
"997","walls",39,16,997
"998","walls",41,16,998
"999","walls",45,16,999
"1000","walls",46,16,1000
"1001","walls",47,16,1001
"1002","walls",36,1,1002
"1003","walls",36,2,1003
"1004","walls",36,3,1004
"1005","walls",36,4,1005
"1006","walls",39,4,1006
"1007","walls",36,5,1007
"1008","walls",39,5,1008
"1009","walls",36,6,1009
"1010","walls",39,6,1010
"1011","walls",40,6,1011
"1012","walls",36,7,1012
"1013","walls",39,7,1013
"1014","walls",41,7,1014
"1015","walls",34,8,1015
"1016","walls",35,8,1016
"1017","walls",36,8,1017
"1018","doors",37,8,1018
"1019","walls",39,8,1019
"1020","walls",40,8,1020
"1021","walls",41,8,1021
"1022","walls",42,8,1022
"1023","walls",43,8,1023
"1024","walls",44,8,1024
"1025","walls",45,8,1025
"1026","walls",46,8,1026
"1027","walls",47,8,1027
"1028","walls",39,13,1028
"1029","walls",40,13,1029
"1030","doors",41,13,1030
"1031","walls",42,13,1031
"1032","walls",43,13,1032
"1033","walls",44,13,1033
"1034","walls",45,13,1034
"1035","walls",46,13,1035
"1036","walls",47,13,1036
"1037","walls",39,14,1037
"1038","walls",40,14,1038
"1039","walls",46,14,1039
"1040","walls",47,14,1040
"1041","walls",39,15,1041
"1042","walls",40,15,1042
"1043","walls",46,15,1043
"1044","walls",47,15,1044
"1045","walls",39,16,1045
"1046","walls",41,16,1046
"1047","walls",46,16,1047
"1048","walls",47,16,1048
"1049","walls",36,1,1049
"1050","walls",36,2,1050
"1051","walls",36,3,1051
"1052","walls",36,4,1052
"1053","walls",39,4,1053
"1054","walls",36,5,1054
"1055","walls",39,5,1055
"1056","walls",36,6,1056
"1057","walls",39,6,1057
"1058","walls",40,6,1058
"1059","walls",36,7,1059
"1060","walls",39,7,1060
"1061","walls",40,7,1061
"1062","walls",41,7,1062
"1063","walls",34,8,1063
"1064","walls",35,8,1064
"1065","walls",36,8,1065
"1066","doors",37,8,1066
"1067","walls",38,8,1067
"1068","walls",39,8,1068
"1069","walls",40,8,1069
"1070","walls",41,8,1070
"1071","walls",42,8,1071
"1072","walls",43,8,1072
"1073","walls",44,8,1073
"1074","walls",45,8,1074
"1075","walls",46,8,1075
"1076","walls",47,8,1076
"1077","walls",39,13,1077
"1078","walls",40,13,1078
"1079","doors",41,13,1079
"1080","walls",42,13,1080
"1081","walls",43,13,1081
"1082","walls",44,13,1082
"1083","walls",45,13,1083
"1084","walls",46,13,1084
"1085","walls",47,13,1085
"1086","walls",39,14,1086
"1087","walls",40,14,1087
"1088","walls",46,14,1088
"1089","walls",47,14,1089
"1090","walls",39,15,1090
"1091","walls",40,15,1091
"1092","walls",46,15,1092
"1093","walls",47,15,1093
"1094","walls",39,16,1094
"1095","walls",40,16,1095
"1096","walls",41,16,1096
"1097","walls",46,16,1097
"1098","walls",47,16,1098
"1099","walls",34,17,1099
"1100","walls",39,17,1100
"1101","walls",40,17,1101
"1102","walls",41,17,1102
"1103","walls",42,17,1103
"1104","walls",43,17,1104
"1105","walls",44,17,1105
"1106","walls",45,17,1106
"1107","walls",46,17,1107
"1108","walls",47,17,1108
"1109","walls",34,18,1109
"1110","doors",39,18,1110
"1111","walls",46,18,1111
"1112","walls",47,18,1112
"1113","walls",34,19,1113
"1114","walls",39,19,1114
"1115","walls",40,19,1115
"1116","walls",41,19,1116
"1117","walls",42,19,1117
"1118","walls",43,19,1118
"1119","walls",46,19,1119
"1120","walls",47,19,1120
"1121","walls",34,20,1121
"1122","walls",39,20,1122
"1123","green victims",40,20,1123
"1124","doors",43,20,1124
"1125","walls",46,20,1125
"1126","walls",47,20,1126
"1127","walls",34,21,1127
"1128","walls",39,21,1128
"1129","walls",43,21,1129
"1130","walls",46,21,1130
"1131","walls",47,21,1131
"1132","walls",34,22,1132
"1133","walls",39,22,1133
"1134","walls",40,22,1134
"1135","walls",41,22,1135
"1136","walls",42,22,1136
"1137","walls",43,22,1137
"1138","walls",46,22,1138
"1139","walls",47,22,1139
"1140","walls",34,23,1140
"1141","walls",39,23,1141
"1142","walls",40,23,1142
"1143","walls",41,23,1143
"1144","walls",42,23,1144
"1145","walls",43,23,1145
"1146","walls",46,23,1146
"1147","walls",47,23,1147
"1148","walls",34,24,1148
"1149","walls",39,24,1149
"1150","green victims",40,24,1150
"1151","doors",43,24,1151
"1152","walls",46,24,1152
"1153","walls",47,24,1153
"1154","walls",34,25,1154
"1155","walls",39,25,1155
"1156","walls",43,25,1156
"1157","walls",46,25,1157
"1158","walls",47,25,1158
"1159","walls",34,26,1159
"1160","walls",39,26,1160
"1161","walls",40,26,1161
"1162","walls",41,26,1162
"1163","walls",42,26,1163
"1164","walls",43,26,1164
"1165","walls",44,26,1165
"1166","walls",45,26,1166
"1167","walls",46,26,1167
"1168","walls",47,26,1168
"1169","walls",34,27,1169
"1170","doors",39,27,1170
"1171","walls",46,27,1171
"1172","walls",47,27,1172
"1173","walls",34,28,1173
"1174","walls",39,28,1174
"1175","walls",40,28,1175
"1176","walls",41,28,1176
"1177","walls",42,28,1177
"1178","walls",43,28,1178
"1179","walls",46,28,1179
"1180","walls",47,28,1180
"1181","walls",34,29,1181
"1182","walls",39,29,1182
"1183","doors",43,29,1183
"1184","walls",46,29,1184
"1185","walls",47,29,1185
"1186","walls",34,30,1186
"1187","walls",39,30,1187
"1188","walls",43,30,1188
"1189","walls",46,30,1189
"1190","walls",47,30,1190
"1191","walls",34,31,1191
"1192","walls",39,31,1192
"1193","walls",40,31,1193
"1194","walls",41,31,1194
"1195","walls",42,31,1195
"1196","walls",43,31,1196
"1197","walls",46,31,1197
"1198","walls",47,31,1198
"1199","walls",34,32,1199
"1200","walls",39,32,1200
"1201","walls",40,32,1201
"1202","walls",41,32,1202
"1203","walls",42,32,1203
"1204","walls",43,32,1204
"1205","walls",46,32,1205
"1206","walls",47,32,1206
"1207","walls",39,17,1207
"1208","walls",40,17,1208
"1209","walls",41,17,1209
"1210","walls",42,17,1210
"1211","walls",43,17,1211
"1212","walls",44,17,1212
"1213","walls",45,17,1213
"1214","walls",46,17,1214
"1215","walls",47,17,1215
"1216","doors",39,18,1216
"1217","walls",46,18,1217
"1218","walls",47,18,1218
"1219","walls",39,19,1219
"1220","walls",40,19,1220
"1221","walls",41,19,1221
"1222","walls",42,19,1222
"1223","walls",43,19,1223
"1224","walls",46,19,1224
"1225","walls",47,19,1225
"1226","walls",39,20,1226
"1227","doors",43,20,1227
"1228","walls",46,20,1228
"1229","walls",47,20,1229
"1230","walls",39,21,1230
"1231","walls",43,21,1231
"1232","walls",46,21,1232
"1233","walls",47,21,1233
"1234","walls",39,22,1234
"1235","walls",40,22,1235
"1236","walls",41,22,1236
"1237","walls",42,22,1237
"1238","walls",43,22,1238
"1239","walls",46,22,1239
"1240","walls",47,22,1240
"1241","walls",39,23,1241
"1242","walls",40,23,1242
"1243","walls",41,23,1243
"1244","walls",42,23,1244
"1245","walls",43,23,1245
"1246","walls",46,23,1246
"1247","walls",47,23,1247
"1248","walls",39,24,1248
"1249","doors",43,24,1249
"1250","walls",46,24,1250
"1251","walls",47,24,1251
"1252","walls",39,25,1252
"1253","walls",43,25,1253
"1254","walls",46,25,1254
"1255","walls",47,25,1255
"1256","walls",39,26,1256
"1257","walls",40,26,1257
"1258","walls",41,26,1258
"1259","walls",42,26,1259
"1260","walls",43,26,1260
"1261","walls",44,26,1261
"1262","walls",45,26,1262
"1263","walls",46,26,1263
"1264","walls",47,26,1264
"1265","doors",39,27,1265
"1266","walls",46,27,1266
"1267","walls",47,27,1267
"1268","walls",39,28,1268
"1269","walls",40,28,1269
"1270","walls",41,28,1270
"1271","walls",42,28,1271
"1272","walls",43,28,1272
"1273","walls",46,28,1273
"1274","walls",47,28,1274
"1275","walls",39,29,1275
"1276","doors",43,29,1276
"1277","walls",46,29,1277
"1278","walls",47,29,1278
"1279","walls",39,30,1279
"1280","walls",43,30,1280
"1281","walls",46,30,1281
"1282","walls",47,30,1282
"1283","walls",39,31,1283
"1284","walls",40,31,1284
"1285","walls",41,31,1285
"1286","walls",42,31,1286
"1287","walls",43,31,1287
"1288","walls",46,31,1288
"1289","walls",47,31,1289
"1290","walls",39,32,1290
"1291","walls",40,32,1291
"1292","walls",41,32,1292
"1293","walls",42,32,1293
"1294","walls",43,32,1294
"1295","walls",46,32,1295
"1296","walls",47,32,1296
"1297","walls",39,17,1297
"1298","walls",40,17,1298
"1299","walls",41,17,1299
"1300","walls",42,17,1300
"1301","walls",43,17,1301
"1302","walls",44,17,1302
"1303","walls",45,17,1303
"1304","walls",46,17,1304
"1305","walls",47,17,1305
"1306","doors",39,18,1306
"1307","walls",46,18,1307
"1308","walls",47,18,1308
"1309","walls",39,19,1309
"1310","walls",40,19,1310
"1311","walls",41,19,1311
"1312","walls",42,19,1312
"1313","walls",43,19,1313
"1314","walls",46,19,1314
"1315","walls",47,19,1315
"1316","walls",39,20,1316
"1317","doors",43,20,1317
"1318","walls",46,20,1318
"1319","walls",47,20,1319
"1320","walls",39,21,1320
"1321","walls",43,21,1321
"1322","walls",46,21,1322
"1323","walls",47,21,1323
"1324","walls",39,22,1324
"1325","walls",40,22,1325
"1326","walls",41,22,1326
"1327","walls",42,22,1327
"1328","walls",43,22,1328
"1329","walls",46,22,1329
"1330","walls",47,22,1330
"1331","walls",39,23,1331
"1332","walls",40,23,1332
"1333","walls",41,23,1333
"1334","walls",42,23,1334
"1335","walls",43,23,1335
"1336","walls",46,23,1336
"1337","walls",47,23,1337
"1338","walls",39,24,1338
"1339","doors",43,24,1339
"1340","walls",46,24,1340
"1341","walls",47,24,1341
"1342","walls",39,25,1342
"1343","walls",43,25,1343
"1344","walls",46,25,1344
"1345","walls",47,25,1345
"1346","walls",39,26,1346
"1347","walls",40,26,1347
"1348","walls",41,26,1348
"1349","walls",42,26,1349
"1350","walls",43,26,1350
"1351","walls",44,26,1351
"1352","walls",45,26,1352
"1353","walls",46,26,1353
"1354","walls",47,26,1354
"1355","doors",39,27,1355
"1356","walls",46,27,1356
"1357","walls",47,27,1357
"1358","walls",39,28,1358
"1359","walls",40,28,1359
"1360","walls",41,28,1360
"1361","walls",42,28,1361
"1362","walls",43,28,1362
"1363","walls",46,28,1363
"1364","walls",47,28,1364
"1365","walls",39,29,1365
"1366","walls",46,29,1366
"1367","walls",47,29,1367
"1368","walls",39,30,1368
"1369","walls",46,30,1369
"1370","walls",47,30,1370
"1371","walls",39,31,1371
"1372","walls",40,31,1372
"1373","walls",41,31,1373
"1374","walls",42,31,1374
"1375","walls",46,31,1375
"1376","walls",47,31,1376
"1377","walls",39,32,1377
"1378","walls",40,32,1378
"1379","walls",41,32,1379
"1380","walls",42,32,1380
"1381","walls",46,32,1381
"1382","walls",47,32,1382
"1383","walls",34,33,1383
"1384","walls",39,33,1384
"1385","yellow victims",40,33,1385
"1386","doors",43,33,1386
"1387","walls",46,33,1387
"1388","walls",47,33,1388
"1389","walls",34,34,1389
"1390","walls",39,34,1390
"1391","walls",43,34,1391
"1392","walls",46,34,1392
"1393","walls",47,34,1393
"1394","walls",32,35,1394
"1395","walls",33,35,1395
"1396","walls",34,35,1396
"1397","walls",39,35,1397
"1398","walls",40,35,1398
"1399","walls",41,35,1399
"1400","walls",42,35,1400
"1401","walls",43,35,1401
"1402","walls",44,35,1402
"1403","walls",45,35,1403
"1404","walls",46,35,1404
"1405","walls",47,35,1405
"1406","walls",32,40,1406
"1407","walls",33,40,1407
"1408","walls",34,40,1408
"1409","walls",35,40,1409
"1410","walls",36,40,1410
"1411","walls",37,40,1411
"1412","walls",38,40,1412
"1413","walls",39,40,1413
"1414","doors",40,40,1414
"1415","walls",41,40,1415
"1416","walls",42,40,1416
"1417","walls",43,40,1417
"1418","walls",44,40,1418
"1419","walls",45,40,1419
"1420","walls",46,40,1420
"1421","walls",47,40,1421
"1422","walls",33,41,1422
"1423","walls",35,41,1423
"1424","walls",39,41,1424
"1425","walls",42,41,1425
"1426","walls",44,41,1426
"1427","walls",33,42,1427
"1428","walls",34,42,1428
"1429","walls",39,42,1429
"1430","walls",42,42,1430
"1431","walls",43,42,1431
"1432","green victims",46,42,1432
"1433","walls",33,43,1433
"1434","walls",39,43,1434
"1435","walls",42,43,1435
"1436","walls",33,44,1436
"1437","stairs",36,44,1437
"1438","stairs",37,44,1438
"1439","stairs",38,44,1439
"1440","walls",39,44,1440
"1441","walls",42,44,1441
"1442","stairs",45,44,1442
"1443","stairs",46,44,1443
"1444","stairs",47,44,1444
"1445","walls",33,45,1445
"1446","walls",39,45,1446
"1447","walls",42,45,1447
"1448","stairs",36,46,1448
"1449","stairs",37,46,1449
"1450","stairs",38,46,1450
"1451","walls",39,46,1451
"1452","stairs",45,46,1452
"1453","stairs",46,46,1453
"1454","stairs",47,46,1454
"1455","walls",39,47,1455
"1456","green victims",44,47,1456
"1457","green victims",46,47,1457
"1458","walls",39,48,1458
"1459","walls",39,33,1459
"1460","doors",43,33,1460
"1461","walls",46,33,1461
"1462","walls",47,33,1462
"1463","walls",39,34,1463
"1464","walls",43,34,1464
"1465","walls",46,34,1465
"1466","walls",47,34,1466
"1467","walls",39,35,1467
"1468","walls",40,35,1468
"1469","walls",41,35,1469
"1470","walls",42,35,1470
"1471","walls",43,35,1471
"1472","walls",44,35,1472
"1473","walls",45,35,1473
"1474","walls",46,35,1474
"1475","walls",47,35,1475
"1476","walls",32,40,1476
"1477","walls",33,40,1477
"1478","walls",34,40,1478
"1479","walls",35,40,1479
"1480","walls",36,40,1480
"1481","walls",37,40,1481
"1482","walls",38,40,1482
"1483","walls",39,40,1483
"1484","doors",40,40,1484
"1485","walls",41,40,1485
"1486","walls",42,40,1486
"1487","walls",43,40,1487
"1488","walls",44,40,1488
"1489","walls",45,40,1489
"1490","walls",46,40,1490
"1491","walls",47,40,1491
"1492","walls",33,41,1492
"1493","walls",35,41,1493
"1494","walls",39,41,1494
"1495","walls",42,41,1495
"1496","walls",44,41,1496
"1497","walls",33,42,1497
"1498","walls",34,42,1498
"1499","walls",39,42,1499
"1500","walls",42,42,1500
"1501","walls",43,42,1501
"1502","walls",33,43,1502
"1503","walls",39,43,1503
"1504","walls",42,43,1504
"1505","walls",33,44,1505
"1506","walls",39,44,1506
"1507","walls",42,44,1507
"1508","walls",33,45,1508
"1509","walls",39,45,1509
"1510","walls",42,45,1510
"1511","walls",39,46,1511
"1512","walls",39,47,1512
"1513","walls",39,48,1513
"1514","walls",39,33,1514
"1515","walls",46,33,1515
"1516","walls",47,33,1516
"1517","walls",39,34,1517
"1518","walls",46,34,1518
"1519","walls",47,34,1519
"1520","walls",39,35,1520
"1521","walls",40,35,1521
"1522","walls",41,35,1522
"1523","walls",42,35,1523
"1524","walls",43,35,1524
"1525","walls",44,35,1525
"1526","walls",45,35,1526
"1527","walls",46,35,1527
"1528","walls",47,35,1528
"1529","walls",32,40,1529
"1530","walls",33,40,1530
"1531","walls",34,40,1531
"1532","walls",35,40,1532
"1533","walls",36,40,1533
"1534","walls",37,40,1534
"1535","walls",38,40,1535
"1536","walls",39,40,1536
"1537","doors",40,40,1537
"1538","walls",41,40,1538
"1539","walls",42,40,1539
"1540","walls",43,40,1540
"1541","walls",44,40,1541
"1542","walls",45,40,1542
"1543","walls",46,40,1543
"1544","walls",47,40,1544
"1545","walls",33,41,1545
"1546","walls",34,41,1546
"1547","walls",35,41,1547
"1548","walls",39,41,1548
"1549","walls",42,41,1549
"1550","walls",43,41,1550
"1551","walls",44,41,1551
"1552","walls",33,42,1552
"1553","walls",34,42,1553
"1554","walls",39,42,1554
"1555","walls",42,42,1555
"1556","walls",43,42,1556
"1557","walls",33,43,1557
"1558","walls",39,43,1558
"1559","walls",42,43,1559
"1560","walls",33,44,1560
"1561","walls",39,44,1561
"1562","walls",42,44,1562
"1563","walls",33,45,1563
"1564","walls",39,45,1564
"1565","walls",42,45,1565
"1566","walls",39,46,1566
"1567","walls",39,47,1567
"1568","walls",39,48,1568
"1569","walls",32,49,1569
"1570","walls",33,49,1570
"1571","walls",34,49,1571
"1572","walls",35,49,1572
"1573","walls",36,49,1573
"1574","walls",37,49,1574
"1575","walls",38,49,1575
"1576","walls",39,49,1576
"1577","walls",40,49,1577
"1578","walls",41,49,1578
"1579","walls",42,49,1579
"1580","walls",43,49,1580
"1581","walls",44,49,1581
"1582","walls",45,49,1582
"1583","walls",46,49,1583
"1584","walls",47,49,1584
"1585","walls",39,49,1585
"1586","walls",39,49,1586
"1587","walls",48,0,1587
"1588","walls",49,0,1588
"1589","walls",50,0,1589
"1590","walls",51,0,1590
"1591","walls",52,0,1591
"1592","walls",53,0,1592
"1593","walls",54,0,1593
"1594","walls",55,0,1594
"1595","walls",56,0,1595
"1596","walls",57,0,1596
"1597","walls",58,0,1597
"1598","walls",59,0,1598
"1599","walls",60,0,1599
"1600","walls",61,0,1600
"1601","walls",62,0,1601
"1602","walls",63,0,1602
"1603","walls",53,0,1603
"1604","walls",53,0,1604
"1605","stairs",50,1,1605
"1606","yellow victims",51,1,1606
"1607","walls",53,1,1607
"1608","stairs",63,1,1608
"1609","stairs",50,2,1609
"1610","walls",53,2,1610
"1611","stairs",63,2,1611
"1612","stairs",50,3,1612
"1613","walls",53,3,1613
"1614","stairs",63,3,1614
"1615","walls",53,4,1615
"1616","walls",56,4,1616
"1617","walls",53,5,1617
"1618","walls",56,5,1618
"1619","walls",53,6,1619
"1620","walls",56,6,1620
"1621","walls",57,6,1621
"1622","walls",53,7,1622
"1623","walls",56,7,1623
"1624","walls",58,7,1624
"1625","walls",48,8,1625
"1626","walls",49,8,1626
"1627","walls",50,8,1627
"1628","walls",51,8,1628
"1629","walls",52,8,1629
"1630","walls",53,8,1630
"1631","doors",54,8,1631
"1632","walls",56,8,1632
"1633","walls",57,8,1633
"1634","walls",58,8,1634
"1635","walls",59,8,1635
"1636","walls",60,8,1636
"1637","walls",61,8,1637
"1638","walls",62,8,1638
"1639","walls",63,8,1639
"1640","walls",48,13,1640
"1641","walls",49,13,1641
"1642","walls",50,13,1642
"1643","walls",51,13,1643
"1644","walls",52,13,1644
"1645","walls",53,13,1645
"1646","walls",54,13,1646
"1647","walls",55,13,1647
"1648","walls",56,13,1648
"1649","walls",61,13,1649
"1650","walls",62,13,1650
"1651","walls",63,13,1651
"1652","walls",54,14,1652
"1653","walls",56,14,1653
"1654","walls",61,14,1654
"1655","walls",63,14,1655
"1656","walls",55,15,1656
"1657","walls",56,15,1657
"1658","walls",61,15,1658
"1659","walls",62,15,1659
"1660","stairs",51,16,1660
"1661","stairs",52,16,1661
"1662","walls",56,16,1662
"1663","walls",61,16,1663
"1664","walls",53,1,1664
"1665","walls",53,2,1665
"1666","walls",53,3,1666
"1667","walls",53,4,1667
"1668","walls",56,4,1668
"1669","walls",53,5,1669
"1670","walls",56,5,1670
"1671","walls",53,6,1671
"1672","walls",56,6,1672
"1673","walls",57,6,1673
"1674","walls",53,7,1674
"1675","walls",56,7,1675
"1676","walls",58,7,1676
"1677","walls",48,8,1677
"1678","walls",49,8,1678
"1679","walls",50,8,1679
"1680","walls",51,8,1680
"1681","walls",52,8,1681
"1682","walls",53,8,1682
"1683","doors",54,8,1683
"1684","walls",56,8,1684
"1685","walls",57,8,1685
"1686","walls",58,8,1686
"1687","walls",59,8,1687
"1688","walls",60,8,1688
"1689","walls",61,8,1689
"1690","walls",62,8,1690
"1691","walls",63,8,1691
"1692","walls",48,13,1692
"1693","walls",49,13,1693
"1694","walls",50,13,1694
"1695","walls",51,13,1695
"1696","walls",52,13,1696
"1697","walls",53,13,1697
"1698","walls",54,13,1698
"1699","walls",55,13,1699
"1700","walls",56,13,1700
"1701","walls",61,13,1701
"1702","walls",54,14,1702
"1703","walls",56,14,1703
"1704","walls",61,14,1704
"1705","walls",63,14,1705
"1706","walls",55,15,1706
"1707","walls",56,15,1707
"1708","walls",62,15,1708
"1709","walls",56,16,1709
"1710","walls",53,1,1710
"1711","walls",53,2,1711
"1712","walls",53,3,1712
"1713","walls",53,4,1713
"1714","walls",56,4,1714
"1715","walls",53,5,1715
"1716","walls",56,5,1716
"1717","walls",53,6,1717
"1718","walls",56,6,1718
"1719","walls",57,6,1719
"1720","walls",53,7,1720
"1721","walls",56,7,1721
"1722","walls",57,7,1722
"1723","walls",58,7,1723
"1724","walls",48,8,1724
"1725","walls",49,8,1725
"1726","walls",50,8,1726
"1727","walls",51,8,1727
"1728","walls",52,8,1728
"1729","walls",53,8,1729
"1730","doors",54,8,1730
"1731","walls",55,8,1731
"1732","walls",56,8,1732
"1733","walls",57,8,1733
"1734","walls",58,8,1734
"1735","walls",59,8,1735
"1736","walls",60,8,1736
"1737","walls",61,8,1737
"1738","walls",62,8,1738
"1739","walls",63,8,1739
"1740","walls",48,13,1740
"1741","walls",49,13,1741
"1742","walls",50,13,1742
"1743","walls",51,13,1743
"1744","walls",52,13,1744
"1745","walls",53,13,1745
"1746","walls",54,13,1746
"1747","walls",55,13,1747
"1748","walls",56,13,1748
"1749","walls",61,13,1749
"1750","walls",54,14,1750
"1751","walls",55,14,1751
"1752","walls",56,14,1752
"1753","walls",61,14,1753
"1754","walls",62,14,1754
"1755","walls",63,14,1755
"1756","walls",55,15,1756
"1757","walls",56,15,1757
"1758","walls",62,15,1758
"1759","walls",56,16,1759
"1760","green victims",49,17,1760
"1761","stairs",50,17,1761
"1762","stairs",53,17,1762
"1763","green victims",54,17,1763
"1764","walls",56,17,1764
"1765","walls",61,17,1765
"1766","stairs",50,18,1766
"1767","stairs",53,18,1767
"1768","walls",56,18,1768
"1769","walls",61,18,1769
"1770","stairs",50,19,1770
"1771","stairs",53,19,1771
"1772","walls",56,19,1772
"1773","walls",61,19,1773
"1774","stairs",63,19,1774
"1775","stairs",50,20,1775
"1776","stairs",53,20,1776
"1777","walls",56,20,1777
"1778","walls",61,20,1778
"1779","green victims",63,20,1779
"1780","walls",56,21,1780
"1781","walls",61,21,1781
"1782","stairs",63,21,1782
"1783","doors",56,22,1783
"1784","walls",61,22,1784
"1785","doors",56,23,1785
"1786","walls",61,23,1786
"1787","stairs",63,23,1787
"1788","walls",48,24,1788
"1789","walls",49,24,1789
"1790","walls",50,24,1790
"1791","walls",51,24,1791
"1792","walls",52,24,1792
"1793","walls",53,24,1793
"1794","walls",54,24,1794
"1795","walls",55,24,1795
"1796","walls",56,24,1796
"1797","walls",61,24,1797
"1798","doors",56,25,1798
"1799","walls",61,25,1799
"1800","stairs",63,25,1800
"1801","doors",56,26,1801
"1802","walls",61,26,1802
"1803","green victims",63,26,1803
"1804","walls",56,27,1804
"1805","walls",61,27,1805
"1806","stairs",63,27,1806
"1807","stairs",50,28,1807
"1808","stairs",53,28,1808
"1809","walls",56,28,1809
"1810","walls",61,28,1810
"1811","stairs",50,29,1811
"1812","stairs",53,29,1812
"1813","walls",56,29,1813
"1814","walls",61,29,1814
"1815","stairs",63,29,1815
"1816","stairs",50,30,1816
"1817","stairs",53,30,1817
"1818","walls",56,30,1818
"1819","walls",61,30,1819
"1820","stairs",50,31,1820
"1821","stairs",53,31,1821
"1822","walls",56,31,1822
"1823","walls",61,31,1823
"1824","stairs",51,32,1824
"1825","stairs",52,32,1825
"1826","walls",56,32,1826
"1827","doors",61,32,1827
"1828","walls",56,17,1828
"1829","walls",56,18,1829
"1830","walls",56,19,1830
"1831","walls",56,20,1831
"1832","walls",56,21,1832
"1833","doors",56,22,1833
"1834","doors",56,23,1834
"1835","walls",48,24,1835
"1836","walls",49,24,1836
"1837","walls",50,24,1837
"1838","walls",51,24,1838
"1839","walls",52,24,1839
"1840","walls",53,24,1840
"1841","walls",54,24,1841
"1842","walls",55,24,1842
"1843","walls",56,24,1843
"1844","doors",56,25,1844
"1845","doors",56,26,1845
"1846","walls",56,27,1846
"1847","walls",56,28,1847
"1848","walls",56,29,1848
"1849","walls",56,30,1849
"1850","walls",56,31,1850
"1851","walls",61,31,1851
"1852","walls",56,32,1852
"1853","doors",61,32,1853
"1854","walls",56,17,1854
"1855","walls",56,18,1855
"1856","walls",56,19,1856
"1857","walls",56,20,1857
"1858","walls",56,21,1858
"1859","doors",56,22,1859
"1860","doors",56,23,1860
"1861","walls",48,24,1861
"1862","walls",49,24,1862
"1863","walls",50,24,1863
"1864","walls",51,24,1864
"1865","walls",52,24,1865
"1866","walls",53,24,1866
"1867","walls",54,24,1867
"1868","walls",55,24,1868
"1869","walls",56,24,1869
"1870","doors",56,25,1870
"1871","doors",56,26,1871
"1872","walls",56,27,1872
"1873","walls",56,28,1873
"1874","walls",56,29,1874
"1875","walls",56,30,1875
"1876","walls",56,31,1876
"1877","walls",61,31,1877
"1878","walls",56,32,1878
"1879","doors",61,32,1879
"1880","walls",55,33,1880
"1881","walls",56,33,1881
"1882","doors",61,33,1882
"1883","walls",54,34,1883
"1884","walls",56,34,1884
"1885","walls",61,34,1885
"1886","walls",48,35,1886
"1887","walls",49,35,1887
"1888","walls",50,35,1888
"1889","walls",51,35,1889
"1890","walls",52,35,1890
"1891","walls",53,35,1891
"1892","walls",54,35,1892
"1893","walls",55,35,1893
"1894","walls",56,35,1894
"1895","walls",61,35,1895
"1896","walls",62,35,1896
"1897","walls",63,35,1897
"1898","walls",48,40,1898
"1899","doors",49,40,1899
"1900","walls",50,40,1900
"1901","walls",51,40,1901
"1902","walls",52,40,1902
"1903","walls",53,40,1903
"1904","walls",54,40,1904
"1905","walls",55,40,1905
"1906","walls",56,40,1906
"1907","walls",57,40,1907
"1908","doors",58,40,1908
"1909","walls",59,40,1909
"1910","walls",60,40,1910
"1911","walls",61,40,1911
"1912","walls",62,40,1912
"1913","walls",63,40,1913
"1914","walls",48,41,1914
"1915","walls",51,41,1915
"1916","walls",53,41,1916
"1917","walls",57,41,1917
"1918","walls",60,41,1918
"1919","walls",62,41,1919
"1920","walls",48,42,1920
"1921","walls",51,42,1921
"1922","walls",52,42,1922
"1923","walls",57,42,1923
"1924","walls",60,42,1924
"1925","walls",61,42,1925
"1926","walls",48,43,1926
"1927","walls",51,43,1927
"1928","walls",57,43,1928
"1929","walls",60,43,1929
"1930","walls",48,44,1930
"1931","walls",51,44,1931
"1932","stairs",54,44,1932
"1933","stairs",55,44,1933
"1934","stairs",56,44,1934
"1935","walls",57,44,1935
"1936","walls",60,44,1936
"1937","stairs",63,44,1937
"1938","walls",48,45,1938
"1939","walls",51,45,1939
"1940","walls",57,45,1940
"1941","walls",60,45,1941
"1942","walls",48,46,1942
"1943","stairs",54,46,1943
"1944","stairs",55,46,1944
"1945","stairs",56,46,1945
"1946","walls",57,46,1946
"1947","stairs",63,46,1947
"1948","walls",48,47,1948
"1949","walls",57,47,1949
"1950","walls",48,48,1950
"1951","walls",57,48,1951
"1952","walls",55,33,1952
"1953","walls",56,33,1953
"1954","doors",61,33,1954
"1955","walls",54,34,1955
"1956","walls",56,34,1956
"1957","walls",61,34,1957
"1958","walls",48,35,1958
"1959","walls",49,35,1959
"1960","walls",50,35,1960
"1961","walls",51,35,1961
"1962","walls",52,35,1962
"1963","walls",53,35,1963
"1964","walls",54,35,1964
"1965","walls",55,35,1965
"1966","walls",56,35,1966
"1967","walls",61,35,1967
"1968","walls",62,35,1968
"1969","walls",63,35,1969
"1970","walls",48,40,1970
"1971","doors",49,40,1971
"1972","walls",50,40,1972
"1973","walls",51,40,1973
"1974","walls",52,40,1974
"1975","walls",53,40,1975
"1976","walls",54,40,1976
"1977","walls",55,40,1977
"1978","walls",56,40,1978
"1979","walls",57,40,1979
"1980","doors",58,40,1980
"1981","walls",59,40,1981
"1982","walls",60,40,1982
"1983","walls",61,40,1983
"1984","walls",62,40,1984
"1985","walls",63,40,1985
"1986","walls",48,41,1986
"1987","walls",51,41,1987
"1988","walls",53,41,1988
"1989","walls",57,41,1989
"1990","walls",60,41,1990
"1991","walls",62,41,1991
"1992","walls",48,42,1992
"1993","walls",51,42,1993
"1994","walls",52,42,1994
"1995","walls",57,42,1995
"1996","walls",60,42,1996
"1997","walls",61,42,1997
"1998","walls",48,43,1998
"1999","walls",51,43,1999
"2000","walls",57,43,2000
"2001","walls",60,43,2001
"2002","walls",48,44,2002
"2003","walls",51,44,2003
"2004","walls",57,44,2004
"2005","walls",60,44,2005
"2006","walls",48,45,2006
"2007","walls",51,45,2007
"2008","walls",57,45,2008
"2009","walls",60,45,2009
"2010","walls",48,46,2010
"2011","walls",57,46,2011
"2012","walls",48,47,2012
"2013","walls",57,47,2013
"2014","walls",48,48,2014
"2015","walls",57,48,2015
"2016","walls",55,33,2016
"2017","walls",56,33,2017
"2018","doors",61,33,2018
"2019","walls",54,34,2019
"2020","walls",55,34,2020
"2021","walls",56,34,2021
"2022","walls",61,34,2022
"2023","walls",48,35,2023
"2024","walls",49,35,2024
"2025","walls",50,35,2025
"2026","walls",51,35,2026
"2027","walls",52,35,2027
"2028","walls",53,35,2028
"2029","walls",54,35,2029
"2030","walls",55,35,2030
"2031","walls",56,35,2031
"2032","walls",61,35,2032
"2033","walls",62,35,2033
"2034","walls",63,35,2034
"2035","walls",48,40,2035
"2036","doors",49,40,2036
"2037","walls",50,40,2037
"2038","walls",51,40,2038
"2039","walls",52,40,2039
"2040","walls",53,40,2040
"2041","walls",54,40,2041
"2042","walls",55,40,2042
"2043","walls",56,40,2043
"2044","walls",57,40,2044
"2045","doors",58,40,2045
"2046","walls",59,40,2046
"2047","walls",60,40,2047
"2048","walls",61,40,2048
"2049","walls",62,40,2049
"2050","walls",63,40,2050
"2051","walls",48,41,2051
"2052","walls",51,41,2052
"2053","walls",52,41,2053
"2054","walls",53,41,2054
"2055","walls",57,41,2055
"2056","walls",60,41,2056
"2057","walls",61,41,2057
"2058","walls",62,41,2058
"2059","walls",48,42,2059
"2060","walls",51,42,2060
"2061","walls",52,42,2061
"2062","walls",57,42,2062
"2063","walls",60,42,2063
"2064","walls",61,42,2064
"2065","walls",48,43,2065
"2066","walls",51,43,2066
"2067","walls",57,43,2067
"2068","walls",60,43,2068
"2069","walls",48,44,2069
"2070","walls",51,44,2070
"2071","walls",57,44,2071
"2072","walls",60,44,2072
"2073","walls",48,45,2073
"2074","walls",51,45,2074
"2075","walls",57,45,2075
"2076","walls",60,45,2076
"2077","walls",48,46,2077
"2078","walls",57,46,2078
"2079","walls",48,47,2079
"2080","walls",57,47,2080
"2081","walls",48,48,2081
"2082","walls",57,48,2082
"2083","walls",48,49,2083
"2084","walls",49,49,2084
"2085","walls",50,49,2085
"2086","walls",51,49,2086
"2087","walls",52,49,2087
"2088","walls",53,49,2088
"2089","walls",54,49,2089
"2090","walls",55,49,2090
"2091","walls",56,49,2091
"2092","walls",57,49,2092
"2093","walls",58,49,2093
"2094","walls",59,49,2094
"2095","walls",60,49,2095
"2096","walls",61,49,2096
"2097","walls",62,49,2097
"2098","walls",63,49,2098
"2099","walls",48,49,2099
"2100","walls",57,49,2100
"2101","walls",48,49,2101
"2102","walls",57,49,2102
"2103","walls",64,0,2103
"2104","walls",65,0,2104
"2105","walls",66,0,2105
"2106","walls",67,0,2106
"2107","walls",68,0,2107
"2108","walls",69,0,2108
"2109","walls",70,0,2109
"2110","walls",71,0,2110
"2111","walls",72,0,2111
"2112","walls",73,0,2112
"2113","walls",74,0,2113
"2114","walls",75,0,2114
"2115","walls",76,0,2115
"2116","walls",77,0,2116
"2117","walls",78,0,2117
"2118","walls",79,0,2118
"2119","walls",68,0,2119
"2120","walls",68,0,2120
"2121","stairs",65,1,2121
"2122","walls",68,1,2122
"2123","stairs",65,2,2123
"2124","walls",68,2,2124
"2125","stairs",65,3,2125
"2126","walls",68,3,2126
"2127","walls",68,4,2127
"2128","walls",72,4,2128
"2129","stairs",73,4,2129
"2130","stairs",74,4,2130
"2131","stairs",75,4,2131
"2132","walls",68,5,2132
"2133","walls",72,5,2133
"2134","walls",68,6,2134
"2135","walls",72,6,2135
"2136","walls",73,6,2136
"2137","green victims",76,6,2137
"2138","walls",68,7,2138
"2139","walls",72,7,2139
"2140","walls",74,7,2140
"2141","walls",64,8,2141
"2142","walls",65,8,2142
"2143","walls",66,8,2143
"2144","walls",67,8,2144
"2145","walls",68,8,2145
"2146","doors",69,8,2146
"2147","doors",70,8,2147
"2148","walls",72,8,2148
"2149","walls",73,8,2149
"2150","walls",74,8,2150
"2151","walls",75,8,2151
"2152","walls",75,9,2152
"2153","stairs",78,9,2153
"2154","stairs",79,9,2154
"2155","walls",75,10,2155
"2156","walls",75,11,2156
"2157","stairs",78,11,2157
"2158","stairs",79,11,2158
"2159","walls",75,12,2159
"2160","walls",64,13,2160
"2161","walls",65,13,2161
"2162","walls",66,13,2162
"2163","walls",67,13,2163
"2164","walls",68,13,2164
"2165","walls",69,13,2165
"2166","walls",70,13,2166
"2167","walls",75,13,2167
"2168","walls",70,14,2168
"2169","walls",75,14,2169
"2170","doors",70,15,2170
"2171","walls",75,15,2171
"2172","doors",70,16,2172
"2173","walls",75,16,2173
"2174","walls",76,16,2174
"2175","walls",77,16,2175
"2176","walls",78,16,2176
"2177","walls",79,16,2177
"2178","walls",68,1,2178
"2179","walls",68,2,2179
"2180","walls",68,3,2180
"2181","walls",68,4,2181
"2182","walls",72,4,2182
"2183","walls",68,5,2183
"2184","walls",72,5,2184
"2185","walls",68,6,2185
"2186","walls",72,6,2186
"2187","walls",73,6,2187
"2188","walls",68,7,2188
"2189","walls",72,7,2189
"2190","walls",74,7,2190
"2191","walls",64,8,2191
"2192","walls",65,8,2192
"2193","walls",66,8,2193
"2194","walls",67,8,2194
"2195","walls",68,8,2195
"2196","doors",69,8,2196
"2197","doors",70,8,2197
"2198","walls",72,8,2198
"2199","walls",73,8,2199
"2200","walls",74,8,2200
"2201","walls",75,8,2201
"2202","walls",75,9,2202
"2203","walls",75,10,2203
"2204","walls",75,11,2204
"2205","walls",75,12,2205
"2206","walls",70,13,2206
"2207","walls",75,13,2207
"2208","walls",70,14,2208
"2209","walls",75,14,2209
"2210","doors",70,15,2210
"2211","walls",75,15,2211
"2212","walls",78,15,2212
"2213","doors",70,16,2213
"2214","walls",75,16,2214
"2215","walls",76,16,2215
"2216","walls",77,16,2216
"2217","walls",78,16,2217
"2218","walls",79,16,2218
"2219","walls",68,1,2219
"2220","walls",68,2,2220
"2221","walls",68,3,2221
"2222","walls",68,4,2222
"2223","walls",72,4,2223
"2224","walls",68,5,2224
"2225","walls",72,5,2225
"2226","walls",68,6,2226
"2227","walls",72,6,2227
"2228","walls",73,6,2228
"2229","walls",68,7,2229
"2230","walls",72,7,2230
"2231","walls",73,7,2231
"2232","walls",74,7,2232
"2233","walls",64,8,2233
"2234","walls",65,8,2234
"2235","walls",66,8,2235
"2236","walls",67,8,2236
"2237","walls",68,8,2237
"2238","doors",69,8,2238
"2239","doors",70,8,2239
"2240","walls",71,8,2240
"2241","walls",72,8,2241
"2242","walls",73,8,2242
"2243","walls",74,8,2243
"2244","walls",75,8,2244
"2245","walls",75,9,2245
"2246","walls",75,10,2246
"2247","walls",75,11,2247
"2248","walls",75,12,2248
"2249","walls",70,13,2249
"2250","walls",75,13,2250
"2251","walls",70,14,2251
"2252","walls",75,14,2252
"2253","doors",70,15,2253
"2254","walls",75,15,2254
"2255","walls",78,15,2255
"2256","doors",70,16,2256
"2257","walls",75,16,2257
"2258","walls",76,16,2258
"2259","walls",77,16,2259
"2260","walls",78,16,2260
"2261","walls",79,16,2261
"2262","walls",70,17,2262
"2263","walls",75,17,2263
"2264","walls",76,17,2264
"2265","walls",77,17,2265
"2266","walls",78,17,2266
"2267","walls",79,17,2267
"2268","walls",70,18,2268
"2269","walls",75,18,2269
"2270","stairs",79,18,2270
"2271","stairs",64,19,2271
"2272","stairs",67,19,2272
"2273","stairs",68,19,2273
"2274","walls",70,19,2274
"2275","walls",75,19,2275
"2276","stairs",79,19,2276
"2277","stairs",64,20,2277
"2278","stairs",67,20,2278
"2279","green victims",68,20,2279
"2280","walls",70,20,2280
"2281","walls",75,20,2281
"2282","stairs",79,20,2282
"2283","stairs",64,21,2283
"2284","stairs",67,21,2284
"2285","stairs",68,21,2285
"2286","walls",70,21,2286
"2287","walls",75,21,2287
"2288","walls",76,21,2288
"2289","stairs",64,22,2289
"2290","stairs",67,22,2290
"2291","walls",70,22,2291
"2292","walls",75,22,2292
"2293","walls",77,22,2293
"2294","stairs",64,23,2294
"2295","stairs",67,23,2295
"2296","stairs",68,23,2296
"2297","walls",70,23,2297
"2298","walls",75,23,2298
"2299","walls",76,23,2299
"2300","walls",77,23,2300
"2301","walls",78,23,2301
"2302","walls",79,23,2302
"2303","stairs",64,24,2303
"2304","stairs",67,24,2304
"2305","walls",70,24,2305
"2306","walls",75,24,2306
"2307","stairs",64,25,2307
"2308","stairs",67,25,2308
"2309","stairs",68,25,2309
"2310","walls",70,25,2310
"2311","doors",75,25,2311
"2312","stairs",64,26,2312
"2313","stairs",67,26,2313
"2314","green victims",68,26,2314
"2315","walls",70,26,2315
"2316","walls",75,26,2316
"2317","walls",76,26,2317
"2318","walls",77,26,2318
"2319","walls",78,26,2319
"2320","walls",79,26,2320
"2321","stairs",64,27,2321
"2322","stairs",67,27,2322
"2323","stairs",68,27,2323
"2324","walls",70,27,2324
"2325","walls",75,27,2325
"2326","stairs",64,28,2326
"2327","stairs",67,28,2327
"2328","walls",70,28,2328
"2329","walls",75,28,2329
"2330","stairs",64,29,2330
"2331","stairs",67,29,2331
"2332","stairs",68,29,2332
"2333","walls",70,29,2333
"2334","walls",75,29,2334
"2335","walls",70,30,2335
"2336","walls",75,30,2336
"2337","walls",78,30,2337
"2338","walls",70,31,2338
"2339","walls",75,31,2339
"2340","walls",78,31,2340
"2341","walls",70,32,2341
"2342","walls",75,32,2342
"2343","walls",78,32,2343
"2344","walls",70,17,2344
"2345","walls",75,17,2345
"2346","walls",76,17,2346
"2347","walls",77,17,2347
"2348","walls",78,17,2348
"2349","walls",79,17,2349
"2350","walls",75,18,2350
"2351","walls",75,19,2351
"2352","walls",75,20,2352
"2353","walls",75,21,2353
"2354","walls",76,21,2354
"2355","walls",75,22,2355
"2356","walls",77,22,2356
"2357","walls",75,23,2357
"2358","walls",76,23,2358
"2359","walls",77,23,2359
"2360","walls",78,23,2360
"2361","walls",79,23,2361
"2362","walls",75,24,2362
"2363","doors",75,25,2363
"2364","walls",75,26,2364
"2365","walls",76,26,2365
"2366","walls",77,26,2366
"2367","walls",78,26,2367
"2368","walls",79,26,2368
"2369","walls",75,27,2369
"2370","walls",75,28,2370
"2371","walls",75,29,2371
"2372","walls",75,30,2372
"2373","walls",78,30,2373
"2374","walls",75,31,2374
"2375","walls",78,31,2375
"2376","walls",75,32,2376
"2377","walls",78,32,2377
"2378","walls",70,17,2378
"2379","walls",75,17,2379
"2380","walls",76,17,2380
"2381","walls",77,17,2381
"2382","walls",78,17,2382
"2383","walls",79,17,2383
"2384","walls",75,18,2384
"2385","walls",75,19,2385
"2386","walls",75,20,2386
"2387","walls",75,21,2387
"2388","walls",76,21,2388
"2389","walls",75,22,2389
"2390","walls",76,22,2390
"2391","walls",77,22,2391
"2392","walls",75,23,2392
"2393","walls",76,23,2393
"2394","walls",77,23,2394
"2395","walls",78,23,2395
"2396","walls",79,23,2396
"2397","walls",75,24,2397
"2398","doors",75,25,2398
"2399","walls",75,26,2399
"2400","walls",76,26,2400
"2401","walls",77,26,2401
"2402","walls",78,26,2402
"2403","walls",79,26,2403
"2404","walls",75,27,2404
"2405","walls",75,28,2405
"2406","walls",75,29,2406
"2407","walls",75,30,2407
"2408","walls",78,30,2408
"2409","walls",75,31,2409
"2410","walls",78,31,2410
"2411","walls",75,32,2411
"2412","walls",78,32,2412
"2413","walls",69,33,2413
"2414","walls",70,33,2414
"2415","walls",75,33,2415
"2416","walls",78,33,2416
"2417","walls",79,33,2417
"2418","walls",68,34,2418
"2419","walls",70,34,2419
"2420","walls",75,34,2420
"2421","walls",78,34,2421
"2422","walls",64,35,2422
"2423","walls",65,35,2423
"2424","walls",66,35,2424
"2425","walls",67,35,2425
"2426","walls",68,35,2426
"2427","walls",69,35,2427
"2428","walls",70,35,2428
"2429","walls",75,35,2429
"2430","doors",76,35,2430
"2431","walls",77,35,2431
"2432","walls",78,35,2432
"2433","walls",79,35,2433
"2434","walls",64,40,2434
"2435","walls",65,40,2435
"2436","walls",66,40,2436
"2437","doors",67,40,2437
"2438","walls",68,40,2438
"2439","walls",69,40,2439
"2440","walls",70,40,2440
"2441","walls",71,40,2441
"2442","walls",72,40,2442
"2443","walls",73,40,2443
"2444","walls",74,40,2444
"2445","walls",75,40,2445
"2446","doors",76,40,2446
"2447","walls",77,40,2447
"2448","walls",78,40,2448
"2449","walls",79,40,2449
"2450","walls",66,41,2450
"2451","walls",69,41,2451
"2452","walls",71,41,2452
"2453","walls",75,41,2453
"2454","walls",78,41,2454
"2455","walls",66,42,2455
"2456","walls",69,42,2456
"2457","walls",70,42,2457
"2458","walls",75,42,2458
"2459","walls",78,42,2459
"2460","walls",79,42,2460
"2461","green victims",65,43,2461
"2462","walls",66,43,2462
"2463","walls",69,43,2463
"2464","walls",75,43,2464
"2465","walls",78,43,2465
"2466","stairs",64,44,2466
"2467","stairs",65,44,2467
"2468","walls",66,44,2468
"2469","walls",69,44,2469
"2470","stairs",72,44,2470
"2471","stairs",73,44,2471
"2472","stairs",74,44,2472
"2473","walls",75,44,2473
"2474","walls",78,44,2474
"2475","walls",66,45,2475
"2476","walls",69,45,2476
"2477","walls",75,45,2477
"2478","walls",78,45,2478
"2479","stairs",64,46,2479
"2480","stairs",65,46,2480
"2481","walls",66,46,2481
"2482","stairs",72,46,2482
"2483","stairs",73,46,2483
"2484","stairs",74,46,2484
"2485","walls",75,46,2485
"2486","walls",66,47,2486
"2487","green victims",73,47,2487
"2488","walls",75,47,2488
"2489","walls",66,48,2489
"2490","walls",75,48,2490
"2491","walls",69,33,2491
"2492","walls",75,33,2492
"2493","walls",78,33,2493
"2494","walls",79,33,2494
"2495","walls",68,34,2495
"2496","walls",75,34,2496
"2497","walls",78,34,2497
"2498","walls",64,35,2498
"2499","walls",65,35,2499
"2500","walls",66,35,2500
"2501","walls",67,35,2501
"2502","walls",68,35,2502
"2503","walls",69,35,2503
"2504","walls",70,35,2504
"2505","walls",75,35,2505
"2506","doors",76,35,2506
"2507","walls",77,35,2507
"2508","walls",78,35,2508
"2509","walls",79,35,2509
"2510","walls",64,40,2510
"2511","walls",65,40,2511
"2512","walls",66,40,2512
"2513","doors",67,40,2513
"2514","walls",68,40,2514
"2515","walls",69,40,2515
"2516","walls",70,40,2516
"2517","walls",71,40,2517
"2518","walls",72,40,2518
"2519","walls",73,40,2519
"2520","walls",74,40,2520
"2521","walls",75,40,2521
"2522","doors",76,40,2522
"2523","walls",77,40,2523
"2524","walls",78,40,2524
"2525","walls",79,40,2525
"2526","walls",66,41,2526
"2527","walls",69,41,2527
"2528","walls",71,41,2528
"2529","walls",75,41,2529
"2530","walls",78,41,2530
"2531","walls",66,42,2531
"2532","walls",69,42,2532
"2533","walls",70,42,2533
"2534","walls",75,42,2534
"2535","walls",78,42,2535
"2536","walls",79,42,2536
"2537","walls",66,43,2537
"2538","walls",69,43,2538
"2539","walls",75,43,2539
"2540","walls",78,43,2540
"2541","walls",66,44,2541
"2542","walls",69,44,2542
"2543","walls",75,44,2543
"2544","walls",78,44,2544
"2545","walls",66,45,2545
"2546","walls",69,45,2546
"2547","walls",75,45,2547
"2548","walls",78,45,2548
"2549","walls",66,46,2549
"2550","walls",75,46,2550
"2551","walls",66,47,2551
"2552","walls",75,47,2552
"2553","walls",66,48,2553
"2554","walls",75,48,2554
"2555","walls",69,33,2555
"2556","walls",75,33,2556
"2557","walls",78,33,2557
"2558","walls",79,33,2558
"2559","walls",68,34,2559
"2560","walls",69,34,2560
"2561","walls",75,34,2561
"2562","walls",78,34,2562
"2563","walls",79,34,2563
"2564","walls",64,35,2564
"2565","walls",65,35,2565
"2566","walls",66,35,2566
"2567","walls",67,35,2567
"2568","walls",68,35,2568
"2569","walls",69,35,2569
"2570","walls",70,35,2570
"2571","walls",75,35,2571
"2572","doors",76,35,2572
"2573","walls",77,35,2573
"2574","walls",78,35,2574
"2575","walls",79,35,2575
"2576","walls",64,40,2576
"2577","walls",65,40,2577
"2578","walls",66,40,2578
"2579","doors",67,40,2579
"2580","walls",68,40,2580
"2581","walls",69,40,2581
"2582","walls",70,40,2582
"2583","walls",71,40,2583
"2584","walls",72,40,2584
"2585","walls",73,40,2585
"2586","walls",74,40,2586
"2587","walls",75,40,2587
"2588","doors",76,40,2588
"2589","walls",77,40,2589
"2590","walls",78,40,2590
"2591","walls",79,40,2591
"2592","walls",66,41,2592
"2593","walls",69,41,2593
"2594","walls",70,41,2594
"2595","walls",71,41,2595
"2596","walls",75,41,2596
"2597","walls",78,41,2597
"2598","walls",79,41,2598
"2599","walls",66,42,2599
"2600","walls",69,42,2600
"2601","walls",70,42,2601
"2602","walls",75,42,2602
"2603","walls",78,42,2603
"2604","walls",79,42,2604
"2605","walls",66,43,2605
"2606","walls",69,43,2606
"2607","walls",75,43,2607
"2608","walls",78,43,2608
"2609","walls",66,44,2609
"2610","walls",69,44,2610
"2611","walls",75,44,2611
"2612","walls",78,44,2612
"2613","walls",66,45,2613
"2614","walls",69,45,2614
"2615","walls",75,45,2615
"2616","walls",78,45,2616
"2617","walls",66,46,2617
"2618","walls",75,46,2618
"2619","walls",66,47,2619
"2620","walls",75,47,2620
"2621","walls",66,48,2621
"2622","walls",75,48,2622
"2623","walls",64,49,2623
"2624","walls",65,49,2624
"2625","walls",66,49,2625
"2626","walls",67,49,2626
"2627","walls",68,49,2627
"2628","walls",69,49,2628
"2629","walls",70,49,2629
"2630","walls",71,49,2630
"2631","walls",72,49,2631
"2632","walls",73,49,2632
"2633","walls",74,49,2633
"2634","walls",75,49,2634
"2635","walls",76,49,2635
"2636","walls",77,49,2636
"2637","walls",78,49,2637
"2638","walls",79,49,2638
"2639","walls",66,49,2639
"2640","walls",75,49,2640
"2641","walls",66,49,2641
"2642","walls",75,49,2642
"2643","walls",80,0,2643
"2644","walls",81,0,2644
"2645","walls",82,0,2645
"2646","walls",83,0,2646
"2647","walls",84,0,2647
"2648","walls",84,0,2648
"2649","walls",86,0,2649
"2650","walls",84,0,2650
"2651","walls",86,0,2651
"2652","walls",84,1,2652
"2653","green victims",80,2,2653
"2654","walls",84,2,2654
"2655","walls",84,3,2655
"2656","green victims",82,4,2656
"2657","walls",84,4,2657
"2658","green victims",87,4,2658
"2659","walls",84,5,2659
"2660","walls",84,6,2660
"2661","walls",84,7,2661
"2662","doors",84,8,2662
"2663","stairs",80,9,2663
"2664","stairs",81,9,2664
"2665","walls",84,9,2665
"2666","walls",84,10,2666
"2667","stairs",80,11,2667
"2668","stairs",81,11,2668
"2669","walls",84,11,2669
"2670","walls",84,12,2670
"2671","yellow victims",80,13,2671
"2672","walls",84,13,2672
"2673","walls",84,14,2673
"2674","walls",84,15,2674
"2675","walls",80,16,2675
"2676","walls",81,16,2676
"2677","walls",82,16,2677
"2678","walls",83,16,2678
"2679","walls",84,16,2679
"2680","walls",86,1,2680
"2681","walls",87,1,2681
"2682","walls",88,1,2682
"2683","walls",88,2,2683
"2684","walls",89,2,2684
"2685","walls",90,2,2685
"2686","walls",90,3,2686
"2687","walls",90,4,2687
"2688","walls",91,5,2688
"2689","walls",91,6,2689
"2690","walls",92,6,2690
"2691","walls",84,7,2691
"2692","walls",92,7,2692
"2693","doors",84,8,2693
"2694","walls",92,8,2694
"2695","walls",84,9,2695
"2696","walls",92,9,2696
"2697","walls",91,10,2697
"2698","walls",92,10,2698
"2699","walls",91,11,2699
"2700","walls",90,12,2700
"2701","walls",90,13,2701
"2702","walls",88,14,2702
"2703","walls",89,14,2703
"2704","walls",90,14,2704
"2705","walls",80,15,2705
"2706","walls",86,15,2706
"2707","walls",87,15,2707
"2708","walls",88,15,2708
"2709","walls",80,16,2709
"2710","walls",81,16,2710
"2711","walls",82,16,2711
"2712","walls",83,16,2712
"2713","walls",84,16,2713
"2714","walls",86,16,2714
"2715","walls",86,1,2715
"2716","walls",87,1,2716
"2717","walls",88,1,2717
"2718","walls",88,2,2718
"2719","walls",89,2,2719
"2720","walls",90,2,2720
"2721","walls",90,3,2721
"2722","walls",90,4,2722
"2723","walls",91,5,2723
"2724","walls",91,6,2724
"2725","walls",92,6,2725
"2726","walls",84,7,2726
"2727","walls",92,7,2727
"2728","doors",84,8,2728
"2729","walls",92,8,2729
"2730","walls",84,9,2730
"2731","walls",92,9,2731
"2732","walls",91,10,2732
"2733","walls",92,10,2733
"2734","walls",91,11,2734
"2735","walls",90,12,2735
"2736","walls",90,13,2736
"2737","walls",88,14,2737
"2738","walls",89,14,2738
"2739","walls",90,14,2739
"2740","walls",80,15,2740
"2741","walls",86,15,2741
"2742","walls",87,15,2742
"2743","walls",88,15,2743
"2744","walls",80,16,2744
"2745","walls",81,16,2745
"2746","walls",82,16,2746
"2747","walls",83,16,2747
"2748","walls",84,16,2748
"2749","walls",86,16,2749
"2750","walls",80,17,2750
"2751","walls",81,17,2751
"2752","walls",82,17,2752
"2753","walls",83,17,2753
"2754","walls",84,17,2754
"2755","stairs",81,18,2755
"2756","walls",84,18,2756
"2757","stairs",81,19,2757
"2758","walls",84,19,2758
"2759","stairs",81,20,2759
"2760","walls",84,20,2760
"2761","walls",84,21,2761
"2762","walls",84,22,2762
"2763","walls",80,23,2763
"2764","walls",84,23,2764
"2765","walls",84,24,2765
"2766","walls",84,25,2766
"2767","walls",80,26,2767
"2768","walls",81,26,2768
"2769","walls",82,26,2769
"2770","walls",83,26,2770
"2771","walls",84,26,2771
"2772","walls",84,27,2772
"2773","walls",84,28,2773
"2774","stairs",81,29,2774
"2775","stairs",82,29,2775
"2776","stairs",83,29,2776
"2777","walls",84,29,2777
"2778","walls",84,30,2778
"2779","stairs",81,31,2779
"2780","stairs",82,31,2780
"2781","stairs",83,31,2781
"2782","walls",84,31,2782
"2783","walls",84,32,2783
"2784","walls",80,17,2784
"2785","walls",81,17,2785
"2786","walls",82,17,2786
"2787","walls",83,17,2787
"2788","walls",84,17,2788
"2789","walls",80,23,2789
"2790","walls",80,26,2790
"2791","walls",81,26,2791
"2792","walls",82,26,2792
"2793","walls",83,26,2793
"2794","walls",84,26,2794
"2795","walls",80,17,2795
"2796","walls",81,17,2796
"2797","walls",82,17,2797
"2798","walls",83,17,2798
"2799","walls",84,17,2799
"2800","walls",80,23,2800
"2801","walls",80,26,2801
"2802","walls",81,26,2802
"2803","walls",82,26,2803
"2804","walls",83,26,2804
"2805","walls",84,26,2805
"2806","walls",84,33,2806
"2807","walls",80,34,2807
"2808","walls",84,34,2808
"2809","walls",80,35,2809
"2810","walls",81,35,2810
"2811","walls",82,35,2811
"2812","walls",83,35,2812
"2813","walls",84,35,2813
"2814","walls",84,36,2814
"2815","walls",84,37,2815
"2816","walls",84,38,2816
"2817","walls",84,39,2817
"2818","walls",80,40,2818
"2819","walls",81,40,2819
"2820","walls",82,40,2820
"2821","walls",83,40,2821
"2822","walls",84,40,2822
"2823","walls",80,41,2823
"2824","walls",84,41,2824
"2825","walls",84,42,2825
"2826","walls",84,43,2826
"2827","stairs",81,44,2827
"2828","stairs",82,44,2828
"2829","stairs",83,44,2829
"2830","walls",84,44,2830
"2831","walls",84,45,2831
"2832","stairs",81,46,2832
"2833","stairs",82,46,2833
"2834","stairs",83,46,2834
"2835","walls",84,46,2835
"2836","walls",84,47,2836
"2837","walls",84,48,2837
"2838","walls",80,34,2838
"2839","walls",80,35,2839
"2840","walls",81,35,2840
"2841","walls",82,35,2841
"2842","walls",83,35,2842
"2843","walls",84,35,2843
"2844","walls",80,40,2844
"2845","walls",81,40,2845
"2846","walls",82,40,2846
"2847","walls",83,40,2847
"2848","walls",84,40,2848
"2849","walls",80,41,2849
"2850","walls",80,34,2850
"2851","walls",80,35,2851
"2852","walls",81,35,2852
"2853","walls",82,35,2853
"2854","walls",83,35,2854
"2855","walls",84,35,2855
"2856","walls",80,40,2856
"2857","walls",81,40,2857
"2858","walls",82,40,2858
"2859","walls",83,40,2859
"2860","walls",84,40,2860
"2861","walls",80,41,2861
"2862","walls",80,49,2862
"2863","walls",81,49,2863
"2864","walls",82,49,2864
"2865","walls",83,49,2865
"2866","walls",84,49,2866
"2867","walls",84,49,2867
"2868","walls",84,49,2868
