minutes_remaining,seconds_remaining,seconds_from_start,map_visible,x_pos,z_pos,swinging_bool,item_equipped_bool,item_equipped,score,sprinting_bool,jumping_bool,dropped_item_bool,dropped_item,at_door_bool,door_open_bool,beep_bool,beep_source,triage_bool,victim_color,triage_state,victim_expired_bool,victims_remaining_when_exp,beeped_bool
10,3,0,False,-37.68020836355345,4.485436258916167,True,True,asistmod:item_first_aid,0,False,False,False,,False,False,,,False,,,False,,
10,2,1,False,-37.30000001192093,4.481912981797365,False,False,,0,False,False,False,,False,False,,,False,,,False,,
10,1,2,False,-37.30000001192093,4.478389704678563,False,False,,0,False,False,False,,False,False,,,False,,,False,,
10,0,3,False,6.5,4.5,False,False,,0,False,False,False,,False,False,,,False,,,False,,
9,59,4,False,9.693054136004776,4.558819536818191,False,False,,0,False,False,False,,False,False,,,False,,,False,,
9,58,5,False,11.018999525091203,4.581645185826346,False,False,,0,False,False,False,,False,False,,,False,,,False,,
9,57,6,False,11.022037109868961,4.581645185826346,False,False,,0,False,False,False,,False,False,,,False,,,False,,
9,56,7,False,13.562760306148448,4.7312911863860165,False,False,,0,False,False,False,,False,False,,,False,,,False,,
9,55,8,False,15.699999988079071,4.875553963344913,True,False,,0,False,False,False,,True,True,,,False,,,False,,
9,54,9,False,17.791034452823624,4.487575176972314,False,False,,0,False,False,False,,False,False,,,False,,,False,,
9,53,10,False,19.98598684772969,4.484136423639939,False,False,,0,False,False,False,,False,False,,,False,,,False,,
9,52,11,False,20.839615748589495,6.619486410825317,False,False,,0,False,False,False,,False,False,,,False,,,False,,
9,51,12,False,20.275104958564043,8.537285847700247,False,False,,0,False,False,False,,False,False,,,False,,,False,,
9,50,13,False,20.18558895907472,10.021626161071708,False,False,,0,False,False,False,,False,False,,,False,,,False,,
9,49,14,False,22.491933860930203,9.684256483824754,False,False,,0,False,False,False,,False,False,,,False,,,False,,
9,48,15,False,23.87592134586066,10.105837366532512,False,False,,0,False,False,False,,False,False,,,False,,,False,,
9,47,16,False,25.558060307314918,9.300000011920929,False,False,,0,False,False,False,,False,False,,,False,,,False,,
9,46,17,False,25.75920641303128,9.300000011920929,True,False,,0,False,False,False,,True,True,,,False,,,False,,
9,45,18,False,25.672306490175288,7.39942575824864,False,False,,0,False,False,False,,False,False,,,False,,,False,,
9,44,19,False,25.69526930462098,7.267749267130284,False,False,,0,False,False,False,,False,False,,,False,,,False,,
9,43,20,False,25.604783607008812,10.885591063162622,False,False,,0,False,False,False,,False,False,,,False,,,False,,
9,42,21,False,25.577804680275676,12.699999988079071,True,False,,0,False,False,False,,True,True,,Victim Detection Device (Player),False,,,False,,True
9,41,22,False,25.184606417084524,15.166647739245747,False,False,,0,False,False,False,,False,False,,,False,,,False,,
9,40,23,False,25.17560155996898,15.235717283013742,False,False,,0,False,False,False,,False,False,,,False,,,False,,
9,39,24,False,24.463917307447446,17.877419711210592,False,False,,0,False,False,False,,False,False,,,False,,,False,,
9,38,25,False,24.449675701935575,17.907211257739704,False,False,,0,False,False,False,,False,False,,,False,,,False,,
9,37,26,False,25.3241689884253,16.32408001582033,False,False,,0,False,False,False,,False,False,,,False,,,False,,
9,36,27,False,28.811720085709567,14.95717829683926,False,False,,0,False,False,False,,False,False,,,False,,,False,,
9,35,28,False,32.26410754810013,15.699999988079071,False,False,,0,False,False,False,,False,False,,,False,,,False,,
9,34,29,False,32.30000001192093,18.56046225325997,False,False,,0,False,False,False,,False,False,,,False,,,False,,
9,33,30,False,32.30000001192093,21.313838376676728,False,False,,0,False,False,False,,False,False,,,False,,,False,,
9,32,31,False,32.84874272974639,23.839588421128354,False,False,,0,False,False,False,,False,False,,,False,,,False,,
9,31,32,False,33.20981342582127,26.282797548346338,False,False,,0,False,False,False,,False,False,,,False,,,False,,
9,30,33,False,33.264139900132704,29.824842396633585,False,False,,0,False,False,False,,False,False,,,False,,,False,,
9,29,34,False,32.30000001192093,31.410096141513378,True,False,,0,False,False,False,,False,False,,,False,,,False,,
9,28,35,False,32.30000001192093,31.420349709622684,False,False,,0,False,False,False,,False,False,,,False,,,False,,
9,27,36,False,32.30000001192093,31.420349709622684,False,False,,0,False,False,False,,False,False,,,True,Yellow,IN_PROGRESS,False,,
9,26,37,False,32.30000001192093,31.420349709622684,False,False,,0,False,False,False,,False,False,,,False,,,False,,
9,25,38,False,32.30000001192093,31.420349709622684,False,False,,0,False,False,False,,False,False,,,False,,,False,,
9,24,39,False,32.30000001192093,31.420349709622684,False,False,,0,False,False,False,,False,False,,,False,,,False,,
9,23,40,False,32.30000001192093,31.420349709622684,False,False,,0,False,False,False,,False,False,,,False,,,False,,
9,22,41,False,32.30000001192093,31.420349709622684,False,False,,0,False,False,False,,False,False,,,False,,,False,,
9,21,42,False,32.30000001192093,31.420349709622684,False,False,,0,False,False,False,,False,False,,,False,,,False,,
9,20,43,False,32.30000001192093,31.420349709622684,False,False,,0,False,False,False,,False,False,,,False,,,False,,
9,19,44,False,32.30000001192093,31.420349709622684,False,False,,0,False,False,False,,False,False,,,False,,,False,,
9,18,45,False,32.30000001192093,31.420349709622684,False,False,,0,False,False,False,,False,False,,,False,,,False,,
9,17,46,False,32.30000001192093,31.420349709622684,False,False,,0,False,False,False,,False,False,,,False,,,False,,
9,16,47,False,32.30000001192093,31.420349709622684,False,False,,0,False,False,False,,False,False,,,False,,,False,,
9,15,48,False,32.30000001192093,31.420349709622684,False,False,,0,False,False,False,,False,False,,,False,,,False,,
9,14,49,False,32.30000001192093,31.420349709622684,False,False,,30,False,False,False,,False,False,,,True,Yellow,SUCCESSFUL,False,,
9,13,50,False,32.409289555680516,31.644592432743764,True,False,,0,False,False,False,,False,False,,,False,,,False,,
9,12,51,False,30.416654836230464,33.42712273252951,False,False,,0,False,False,False,,False,False,,,False,,,False,,
9,11,52,False,26.023731485158805,33.30000001192093,False,False,,0,False,False,False,,False,False,,,False,,,False,,
9,10,53,False,24.82547422043399,30.59767390092901,False,False,,0,False,False,False,,False,False,,,False,,,False,,
9,9,54,False,25.403877040562293,26.7963835299025,False,False,,0,False,False,False,,False,False,,,False,,,False,,
9,8,55,False,23.30000001192093,25.570437661274127,True,False,,0,False,False,False,,False,False,,,False,,,False,,
9,7,56,False,23.30000001192093,25.53980748328769,False,False,,0,False,False,False,,False,False,,,True,Green,IN_PROGRESS,False,,
9,6,57,False,23.30000001192093,25.53980748328769,False,False,,0,False,False,False,,False,False,,,False,,,False,,
9,5,58,False,23.30000001192093,25.53980748328769,False,False,,0,False,False,False,,False,False,,,False,,,False,,
9,4,59,False,23.30000001192093,25.53980748328769,False,False,,0,False,False,False,,False,False,,,False,,,False,,
9,3,60,False,23.30000001192093,25.53980748328769,False,False,,0,False,False,False,,False,False,,,False,,,False,,
9,2,61,False,23.30000001192093,25.53980748328769,False,False,,0,False,False,False,,False,False,,,False,,,False,,
9,1,62,False,23.30000001192093,25.53980748328769,False,False,,0,False,False,False,,False,False,,,False,,,False,,
9,0,63,False,23.30000001192093,25.53980748328769,True,False,,40,False,False,False,,False,False,,,True,Green,SUCCESSFUL,False,,
8,59,64,False,23.743158812468664,25.5356899313295,False,True,asistmod:item_unpause_cookie,0,False,True,True,asistmod:item_first_aid,False,False,,,False,,,False,,
8,58,65,False,23.743158812468664,25.5356899313295,False,False,,0,False,False,False,,False,False,,,False,,,False,,
8,57,66,False,23.743158812468664,25.5356899313295,False,True,asistmod:item_first_aid,0,False,False,False,,False,False,,,False,,,False,,
8,56,67,False,24.630302264757574,24.98540161843468,False,False,,0,False,False,False,,False,False,,,False,,,False,,
8,55,68,False,25.09899072454664,22.363857226065846,False,False,,0,False,False,False,,False,False,,,False,,,False,,
8,54,69,False,25.71186883913424,21.025372758222716,False,False,,0,False,False,False,,False,False,,,False,,,False,,
8,53,70,False,25.602062260880302,19.051698612156287,False,False,,0,False,False,False,,False,False,,,False,,,False,,
8,52,71,False,24.30000001192093,16.06548230400179,False,False,,0,False,False,False,,False,False,,,False,,,False,,
8,51,72,False,22.194647307284868,15.459403472911248,False,False,,0,False,False,False,,False,False,,,False,,,False,,
8,50,73,False,19.111973751068035,15.699999988079071,False,False,,0,False,False,False,,False,False,,,False,,,False,,
8,49,74,False,18.461922091822544,18.556538245095766,False,False,,0,False,False,False,,False,False,,,False,,,False,,
8,48,75,False,17.30000001192093,19.588701817515783,False,False,,0,False,False,False,,False,False,,,False,,,False,,
8,47,76,False,17.36634969520037,19.782622938344986,False,False,,0,False,False,False,,False,False,,,False,,,False,,
8,46,77,False,18.64058513327018,21.754500329494476,False,False,,0,False,False,False,,False,False,,,False,,,False,,
8,45,78,False,18.69999998807907,25.345028251673767,False,False,,0,False,False,False,,False,False,,,False,,,False,,
8,44,79,False,18.873624170954372,27.69999998807907,False,False,,0,False,False,False,,False,False,,,False,,,False,,
8,43,80,False,18.07811182184423,30.417749608180458,False,False,,0,False,False,False,,False,False,,,False,,,False,,
8,42,81,False,18.200309531514904,29.227687670697065,False,False,,0,True,False,False,,False,False,,,False,,,False,,
8,41,82,False,18.36724213742218,24.76615242402633,False,False,,0,False,False,False,,False,False,,,False,,,False,,
8,40,83,False,18.378328923820845,20.449041230456515,False,False,,0,False,False,False,,False,False,,,False,,,False,,
8,39,84,False,18.473902127530437,16.14656132958615,False,False,,0,False,False,False,,False,False,,,False,,,False,,
8,38,85,False,22.005204659769333,14.300000011920929,False,False,,0,False,False,False,,False,False,,,False,,,False,,
8,37,86,False,25.51249998807907,14.04392377108337,False,False,,0,False,False,False,,False,False,,,False,,,False,,
8,36,87,False,25.761285265628885,11.269983543958432,False,False,,0,False,False,False,,False,False,,,False,,,False,,
8,35,88,False,29.178280872330106,11.118353740888722,False,False,,0,False,False,False,,False,False,,,False,,,False,,
8,34,89,False,31.867265255222264,7.89648855161596,False,False,,0,False,False,False,,False,False,,Victim Detection Device (Player),False,,,False,,True
8,33,90,False,34.69999998807907,7.007865068608254,False,False,,0,False,False,False,,False,False,,,False,,,False,,
8,32,91,False,34.69999998807907,7.007865068608254,True,False,,0,False,False,False,,False,False,,,False,,,False,,
8,31,92,False,34.69999998807907,7.007865068608254,False,False,,0,False,False,False,,False,False,,,True,Yellow,IN_PROGRESS,False,,
8,30,93,False,34.69999998807907,7.007865068608254,False,False,,0,False,False,False,,False,False,,,False,,,False,,
8,29,94,False,34.69999998807907,7.007865068608254,False,False,,0,False,False,False,,False,False,,,False,,,False,,
8,28,95,False,34.69999998807907,7.07658468035396,False,False,,0,False,False,False,,False,False,,,False,,,False,,
8,27,96,False,34.69999998807907,7.079627865926398,False,False,,0,False,False,False,,False,False,,,False,,,False,,
8,26,97,False,34.69999998807907,7.079627865926398,False,False,,0,False,False,False,,False,False,,,False,,,False,,
8,25,98,False,34.69999998807907,7.079627865926398,False,False,,0,False,False,False,,False,False,,,False,,,False,,
8,24,99,False,34.69999998807907,7.079627865926398,False,False,,0,False,False,False,,False,False,,,False,,,False,,
8,23,100,False,34.69999998807907,7.079627865926398,False,False,,0,False,False,False,,False,False,,,False,,,False,,
8,22,101,False,34.69999998807907,7.079627865926398,False,False,,0,False,False,False,,False,False,,,False,,,False,,
8,21,102,False,34.69999998807907,7.079627865926398,False,False,,0,False,False,False,,False,False,,,False,,,False,,
8,20,103,False,34.69999998807907,7.079627865926398,False,False,,0,False,False,False,,False,False,,,False,,,False,,
8,19,104,False,34.69999998807907,7.079627865926398,False,False,,0,False,False,False,,False,False,,,False,,,False,,
8,18,105,False,34.69999998807907,7.079627865926398,False,False,,0,False,False,False,,False,False,,,False,,,False,,
8,17,106,False,34.69999998807907,7.079627865926398,True,False,,70,False,False,False,,False,False,,,True,Yellow,SUCCESSFUL,False,,
8,16,107,False,34.69999998807907,7.079627865926398,False,False,,0,False,False,False,,False,False,,,False,,,False,,
8,15,108,False,34.5903910360671,6.975030794160347,False,False,,0,False,False,False,,False,False,,,False,,,False,,
8,14,109,False,32.66700709492579,5.2213143110574265,False,False,,0,False,False,False,,False,False,,,False,,,False,,
8,13,110,False,31.30000001192093,4.375734397251165,True,False,,0,False,False,False,,False,False,,,True,Green,IN_PROGRESS,False,,
8,12,111,False,31.30000001192093,4.363266206567488,False,False,,0,False,False,False,,False,False,,,False,,,False,,
8,11,112,False,31.30000001192093,4.363266206567488,False,False,,0,False,False,False,,False,False,,,False,,,False,,
8,10,113,False,31.30000001192093,4.363266206567488,False,False,,0,False,False,False,,False,False,,,False,,,False,,
8,9,114,False,31.30000001192093,4.363266206567488,False,False,,0,False,False,False,,False,False,,,False,,,False,,
8,8,115,False,31.30000001192093,4.363266206567488,False,False,,0,False,False,False,,False,False,,,False,,,False,,
8,7,116,False,31.30000001192093,4.363266206567488,False,False,,0,False,False,False,,False,False,,,False,,,False,,
8,6,117,False,31.30000001192093,4.363266206567488,False,False,,80,False,False,False,,False,False,,,True,Green,SUCCESSFUL,False,,
8,5,118,False,31.30000001192093,4.363266206567488,True,False,,0,False,False,False,,False,False,,,False,,,False,,
8,4,119,False,33.78646175680842,3.1596361353477675,False,False,,0,False,False,False,,False,False,,,False,,,False,,
8,3,120,False,34.69999998807907,2.5230409506876015,True,False,,0,False,False,False,,False,False,,,False,,,False,,
8,2,121,False,34.69999998807907,2.5230409506876015,False,False,,0,False,False,False,,False,False,,,True,Green,IN_PROGRESS,False,,
8,1,122,False,34.69999998807907,2.5230409506876015,False,False,,0,False,False,False,,False,False,,,False,,,False,,
8,0,123,False,34.69999998807907,2.5230409506876015,False,False,,0,False,False,False,,False,False,,,False,,,False,,
7,59,124,False,34.69999998807907,2.5230409506876015,False,False,,0,False,False,False,,False,False,,,False,,,False,,
7,58,125,False,34.69999998807907,2.5230409506876015,False,False,,0,False,False,False,,False,False,,,False,,,False,,
7,57,126,False,34.69999998807907,2.5230409506876015,False,False,,0,False,False,False,,False,False,,,False,,,False,,
7,56,127,False,34.69999998807907,2.5230409506876015,False,False,,90,False,False,False,,False,False,,,True,Green,SUCCESSFUL,False,,
7,55,128,False,34.69999998807907,2.5230409506876015,True,False,,0,False,False,False,,False,False,,,False,,,False,,
7,54,129,False,33.14711668085374,4.229968517428688,False,False,,0,False,False,False,,False,False,,,False,,,False,,
7,53,130,False,33.181522105322074,8.736344188998999,False,False,,0,True,False,False,,False,False,,,False,,,False,,
7,52,131,False,35.66249321570058,10.920064036339653,False,False,,0,True,False,False,,False,False,,,False,,,False,,
7,51,132,False,37.39549472865792,10.081439405159898,False,False,,0,False,False,False,,False,False,,,False,,,False,,
7,50,133,False,37.4743641450882,9.300000011920929,True,False,,0,False,False,False,,True,True,,Victim Detection Device (Player),False,,,False,,True
7,49,134,False,38.03539488596152,5.069403707810807,False,False,,0,False,False,False,,False,False,,,False,,,False,,
7,48,135,False,40.904857466721296,2.7566642486324042,False,False,,0,False,False,False,,False,False,,,False,,,False,,
7,47,136,False,44.37929593569652,4.69408456461224,False,False,,0,False,False,False,,False,False,,,False,,,False,,
7,46,137,False,47.69999998807907,4.578008559309495,False,False,,0,False,False,False,,False,False,,,False,,,False,,
7,45,138,False,47.69999998807907,4.568565236606105,True,False,,0,False,False,False,,False,False,,,False,,,False,,
7,44,139,False,47.69999998807907,4.568565236606105,False,False,,0,False,False,False,,False,False,,,True,Green,IN_PROGRESS,False,,
7,43,140,False,47.69999998807907,4.568565236606105,False,False,,0,False,False,False,,False,False,,,False,,,False,,
7,42,141,False,47.69999998807907,4.568565236606105,False,False,,0,False,False,False,,False,False,,,False,,,False,,
7,41,142,False,47.69999998807907,4.568565236606105,False,False,,0,False,False,False,,False,False,,,False,,,False,,
7,40,143,False,47.69999998807907,4.568565236606105,False,False,,0,False,False,False,,False,False,,,False,,,False,,
7,39,144,False,47.69999998807907,4.568565236606105,False,False,,0,False,False,False,,False,False,,,False,,,False,,
7,38,145,False,47.69999998807907,4.568565236606105,False,False,,100,False,False,False,,False,False,,,True,Green,SUCCESSFUL,False,,
7,37,146,False,47.69999998807907,4.769323987633044,True,False,,0,False,False,False,,False,False,,,False,,,False,,
7,36,147,False,47.93117243031156,5.699999988079071,True,False,,0,False,False,False,,False,False,,,True,Green,IN_PROGRESS,False,,
7,35,148,False,47.943167532288044,5.699999988079071,False,False,,0,False,False,False,,False,False,,,False,,,False,,
7,34,149,False,47.943167532288044,5.699999988079071,False,False,,0,False,False,False,,False,False,,,False,,,False,,
7,33,150,False,47.943167532288044,5.699999988079071,False,False,,0,False,False,False,,False,False,,,False,,,False,,
7,32,151,True,47.943167532288044,5.699999988079071,False,False,,0,False,False,False,,False,False,,,False,,,False,,
7,31,152,True,47.943167532288044,5.699999988079071,False,False,,0,False,False,False,,False,False,,,False,,,False,,
7,30,153,True,47.943167532288044,5.699999988079071,False,False,,0,False,False,False,,False,False,,,False,,,False,,
7,29,154,True,47.943167532288044,5.699999988079071,False,False,,110,False,False,False,,False,False,,,True,Green,SUCCESSFUL,False,,
7,28,155,True,49.69999998807907,5.674419313268032,True,False,,0,False,False,False,,False,False,,,False,,,False,,
7,27,156,True,49.69999998807907,5.630918730849487,True,False,,0,False,False,False,,False,False,,,True,Green,IN_PROGRESS,False,,
7,26,157,True,49.69999998807907,5.617950508208622,False,False,,0,False,False,False,,False,False,,,False,,,False,,
7,25,158,True,49.69999998807907,5.617950508208622,False,False,,0,False,False,False,,False,False,,,False,,,False,,
7,24,159,True,49.69999998807907,5.617950508208622,False,False,,0,False,False,False,,False,False,,,False,,,False,,
7,23,160,True,49.69999998807907,5.617950508208622,False,False,,0,False,False,False,,False,False,,,False,,,False,,
7,22,161,True,49.69999998807907,5.617950508208622,False,False,,0,False,False,False,,False,False,,,False,,,False,,
7,21,162,True,49.69999998807907,5.617950508208622,False,False,,0,False,False,False,,False,False,,,False,,,False,,
7,20,163,True,49.69999998807907,5.617950508208622,True,False,,120,False,False,False,,False,False,,,True,Green,SUCCESSFUL,False,,
7,19,164,True,49.60263071209192,5.629051060253431,False,False,,0,False,False,False,,False,False,,,False,,,False,,
7,18,165,True,44.9527729288161,4.9722494916910875,False,False,,0,True,False,False,,False,False,,,False,,,False,,
7,17,166,True,39.98089459881794,3.135324043224159,False,False,,0,False,False,False,,False,False,,,False,,,False,,
7,16,167,True,37.30000001192093,6.583369771398736,False,False,,0,True,False,False,,False,False,,,False,,,False,,
7,15,168,True,37.69999998807907,9.31764643059526,False,False,,0,False,False,False,,False,False,,,False,,,False,,
7,14,169,True,40.07321546821049,11.130528074143541,False,False,,0,False,False,False,,False,False,,,False,,,False,,
7,13,170,True,41.37368373830577,12.306672209737059,True,False,,0,False,False,False,,True,True,,,False,,,False,,
7,12,171,True,42.14662425220922,15.122269699865143,False,False,,0,False,False,False,,False,False,,,False,,,False,,
7,11,172,True,42.176106158160565,14.432130286465082,False,False,,0,False,False,False,,False,False,,,False,,,False,,
7,10,173,True,42.38358311286447,11.733519988089313,False,False,,0,False,False,False,,False,False,,,False,,,False,,
7,9,174,True,46.6234400268786,11.076147924684989,False,False,,0,False,False,False,,False,False,,,False,,,False,,
7,8,175,True,50.91300158912827,10.591508890163453,False,False,,0,False,False,False,,False,False,,,False,,,False,,
7,7,176,True,54.75571720073549,9.300000011920929,False,False,,0,False,False,False,,False,False,,,False,,,False,,
7,6,177,True,54.79752777103249,9.300000011920929,True,False,,0,False,False,False,,True,True,,,False,,,False,,
7,5,178,True,54.69999998807907,7.618253760310552,False,False,,0,False,False,False,,False,False,,,False,,,False,,
7,4,179,True,55.627327183392936,3.534470865105561,False,False,,0,False,False,False,,False,False,,,False,,,False,,
7,3,180,True,58.59151927879839,3.6123949260020254,False,False,,0,False,False,False,,False,False,,,False,,,False,,
7,2,181,True,60.68021737432173,5.590004407713906,False,False,,0,False,False,False,,False,False,,,False,,,False,,
7,1,182,True,63.36621059704521,7.699116810632404,False,False,,0,False,False,False,,False,False,,,False,,,False,,
7,0,183,True,65.07449826959873,7.699999988079071,False,False,,0,False,False,False,,False,False,,,False,,,False,,
6,59,184,True,63.062366613342874,7.466587448334451,False,False,,0,True,False,False,,False,False,,,False,,,False,,
6,58,185,True,58.519938209256,4.5778849070398735,False,False,,0,False,False,False,,False,False,,,False,,,False,,
6,57,186,True,54.34397865467781,5.570674731048001,False,False,,0,False,False,False,,False,False,,,False,,,False,,
6,56,187,True,54.300000011921384,7.699999988079071,False,False,,0,True,False,False,,False,False,,,False,,,False,,
6,55,188,True,55.01258312275968,9.922809263151663,False,False,,0,False,False,False,,False,False,,,False,,,False,,
6,54,189,True,58.98609308364166,11.57454308822048,False,False,,0,False,False,False,,False,False,,,False,,,False,,
6,53,190,True,59.062226075260696,15.851048714716597,False,False,,0,False,False,False,,False,False,,,False,,,False,,
6,52,191,True,58.392462422470544,20.322068962944314,False,False,,0,False,False,False,,False,False,,,False,,,False,,
6,51,192,True,57.300000011921384,22.491740125255347,True,False,,0,False,False,False,,True,True,,Victim Detection Device (Player),False,,,False,,True
6,50,193,True,55.86594471842909,22.668478387576698,True,False,,0,False,False,False,,False,False,,,False,,,False,,
6,49,194,True,52.171731296704365,23.317876095406803,False,False,,0,False,False,False,,False,False,,,False,,,False,,
6,48,195,True,49.300000011921384,23.535418145185247,True,False,,0,False,False,False,,False,False,,,False,,,False,,
6,47,196,True,49.300000011921384,23.539870297138833,False,False,,0,False,False,False,,False,False,,,False,,,False,,
6,46,197,True,49.300000011921384,23.539870297138833,False,False,,0,False,False,False,,False,False,,,True,Yellow,IN_PROGRESS,False,,
6,45,198,True,49.300000011921384,23.539870297138833,False,False,,0,False,False,False,,False,False,,,False,,,False,,
6,44,199,True,49.300000011921384,23.539870297138833,False,False,,0,False,False,False,,False,False,,,False,,,False,,
6,43,200,True,49.300000011921384,23.539870297138833,False,False,,0,False,False,False,,False,False,,,False,,,False,,
6,42,201,True,49.300000011921384,23.539870297138833,False,False,,0,False,False,False,,False,False,,,False,,,False,,
6,41,202,True,49.300000011921384,23.539870297138833,False,False,,0,False,False,False,,False,False,,,False,,,False,,
6,40,203,True,49.300000011921384,23.539870297138833,False,False,,0,False,False,False,,False,False,,,False,,,False,,
6,39,204,True,49.300000011921384,23.539870297138833,False,False,,0,False,False,False,,False,False,,,False,,,False,,
6,38,205,True,49.300000011921384,23.539870297138833,False,False,,0,False,False,False,,False,False,,,False,,,False,,
6,37,206,True,49.300000011921384,23.539870297138833,False,False,,0,False,False,False,,False,False,,,False,,,False,,
6,36,207,True,49.300000011921384,23.539870297138833,False,False,,0,False,False,False,,False,False,,,False,,,False,,
6,35,208,True,49.300000011921384,23.539870297138833,False,False,,0,False,False,False,,False,False,,,False,,,False,,
6,34,209,True,49.300000011921384,23.539870297138833,False,False,,0,False,False,False,,False,False,,,False,,,False,,
6,33,210,True,49.300000011921384,23.539870297138833,True,False,,150,False,False,False,,False,False,,,True,Yellow,SUCCESSFUL,False,,
6,32,211,True,49.47031796388683,22.725376025712876,False,False,,0,False,False,False,,False,False,,,False,,,False,,
6,31,212,True,50.47398265725769,20.802129115248306,False,False,,0,False,True,False,,False,False,,,False,,,False,,
6,30,213,True,50.477658711215554,20.796949839591633,False,True,asistmod:item_unpause_cookie,0,False,False,True,asistmod:item_first_aid,False,False,,,False,,,False,,
6,29,214,True,50.477658711215554,20.796949839591633,False,True,asistmod:item_first_aid,0,False,False,False,,False,False,,,False,,,False,,
6,28,215,True,48.36765333919584,21.295052387055108,False,False,,0,False,True,False,,False,False,,,False,,,False,,
6,27,216,True,45.86609117585931,21.69999998807907,False,False,,0,False,False,False,,False,False,,,False,,,False,,
6,26,217,True,45.421539926304376,22.37269034457441,False,False,,0,False,False,False,,False,False,,,False,,,False,,
6,25,218,True,45.25003763660834,21.366266644967197,False,False,,0,False,False,False,,False,False,,,False,,,False,,
6,24,219,True,43.621773996644606,18.30000001192093,False,False,,0,False,False,False,,False,False,,,False,,,False,,
6,23,220,True,40.542578579084875,18.59876323146787,False,False,,0,False,False,False,,False,False,,,False,,,False,,
6,22,221,True,38.6457802678774,18.36660370209202,True,False,,0,False,False,False,,True,True,,Victim Detection Device (Player),False,,,False,,True
6,21,222,True,36.63740400198276,14.675978062855108,False,False,,0,False,False,False,,False,False,,,False,,,False,,
6,20,223,True,35.96797732138157,12.813706691720313,False,False,,0,False,False,False,,False,False,,,False,,,False,,
6,19,224,True,35.96797732138157,12.813706691720313,False,False,,0,False,False,False,,False,False,,,False,,,False,,
6,18,225,True,36.1049960068749,14.708358780706106,False,False,,0,False,False,False,,False,False,,,False,,,False,,
6,17,226,True,36.41635135508386,19.01368442864191,False,False,,0,False,False,False,,False,False,,,False,,,False,,
6,16,227,True,36.79805378577203,23.10104693282031,False,False,,0,True,False,False,,False,False,,,False,,,False,,
6,15,228,True,38.14606745585752,25.054896600777994,False,False,,0,True,False,False,,False,False,,,False,,,False,,
6,14,229,True,38.32055978857352,26.919906054215318,False,False,,0,True,False,False,,False,False,,,False,,,False,,
6,13,230,True,38.36709598828065,32.50798787209416,False,False,,0,False,False,False,,False,False,,Victim Detection Device (Player),False,,,False,,True
6,12,231,True,39.33831362388946,37.11239377350199,False,False,,0,True,False,False,,False,False,,,False,,,False,,
6,11,232,True,40.451471492180644,37.82574192843842,False,False,,0,False,False,False,,False,False,,,False,,,False,,
6,10,233,True,40.496446806469976,40.16672967809143,True,False,,0,False,False,False,,True,True,,Victim Detection Device (Player),False,,,False,,True
6,9,234,True,40.667955591672126,44.248638957198295,False,False,,0,False,False,False,,False,False,,,False,,,False,,
6,8,235,True,42.95251004244392,47.38034488364289,False,False,,0,False,False,False,,False,False,,,False,,,False,,
6,7,236,True,44.61261080664826,45.78869483541726,False,False,,0,False,False,False,,False,False,,,False,,,False,,
6,6,237,True,45.79646587624029,46.68290877669642,True,False,,0,False,False,False,,False,False,,,False,,,False,,
6,5,238,True,45.79646587624029,46.68290877669642,False,False,,0,False,False,False,,False,False,,,False,,,False,,
6,4,239,True,45.79646587624029,46.68290877669642,False,False,,0,False,False,False,,False,False,,,True,Yellow,IN_PROGRESS,False,,
6,3,240,True,45.79646587624029,46.68290877669642,False,False,,0,False,False,False,,False,False,,,False,,,False,,
6,2,241,True,45.79646587624029,46.68290877669642,False,False,,0,False,False,False,,False,False,,,False,,,False,,
6,1,242,True,45.79646587624029,46.68290877669642,False,False,,0,False,False,False,,False,False,,,False,,,False,,
6,0,243,True,45.79646587624029,46.68290877669642,False,False,,0,False,False,False,,False,False,,,False,,,False,,
5,59,244,True,45.79646587624029,46.68290877669642,False,False,,0,False,False,False,,False,False,,,False,,,False,,
5,58,245,True,45.79646587624029,46.68290877669642,False,False,,0,False,False,False,,False,False,,,False,,,False,,
5,57,246,True,45.79646587624029,46.68290877669642,False,False,,0,False,False,False,,False,False,,,False,,,False,,
5,56,247,True,45.79646587624029,46.68290877669642,False,False,,0,False,False,False,,False,False,,,False,,,False,,
5,55,248,True,45.79646587624029,46.68290877669642,False,False,,0,False,False,False,,False,False,,,False,,,False,,
5,54,249,True,45.79646587624029,46.68290877669642,False,False,,0,False,False,False,,False,False,,,False,,,False,,
5,53,250,True,45.79646587624029,46.68290877669642,False,False,,0,False,False,False,,False,False,,,False,,,False,,
5,52,251,True,45.79646587624029,46.68290877669642,False,False,,0,False,False,False,,False,False,,,False,,,False,,
5,51,252,True,45.79646587624029,46.68290877669642,False,False,,180,False,False,False,,False,False,,,True,Yellow,SUCCESSFUL,False,,
5,50,253,True,45.79646587624029,46.68290877669642,True,False,,0,False,False,False,,False,False,,,False,,,False,,
5,49,254,True,43.300000011921384,46.01624561827603,False,False,,0,False,False,False,,False,False,,,False,,,False,,
5,48,255,True,42.16708206885687,46.30000001192093,False,False,,0,False,False,False,,False,False,,,False,,,False,,
5,47,256,True,40.531685806783116,43.11707221767722,False,False,,0,False,False,False,,False,False,,,False,,,False,,
5,46,257,True,41.0905899569816,39.25155063994666,False,False,,0,False,False,False,,False,False,,,False,,,False,,
5,45,258,True,45.0406717656806,39.575426760281175,False,False,,0,False,False,False,,False,False,,,False,,,False,,
5,44,259,True,48.42446392649117,39.69999998807907,False,False,,0,False,False,False,,False,False,,,False,,,False,,
5,43,260,True,49.569388693937526,39.69999998807907,True,False,,0,False,False,False,,True,True,,,False,,,False,,
5,42,261,True,49.52904129214539,41.539435682911716,False,False,,0,False,False,False,,False,False,,,False,,,False,,
5,41,262,True,49.54938280350734,45.63520126866811,False,False,,0,False,False,False,,False,False,,,False,,,False,,
5,40,263,True,53.384509989226444,46.426554786567294,False,False,,0,False,False,False,,False,False,,,False,,,False,,
5,39,264,True,53.65639547799992,46.15595833417379,False,False,,0,False,False,False,,False,False,,,False,,,False,,
5,38,265,True,50.70411708292204,47.593274265008006,False,False,,0,False,False,False,,False,False,,,False,,,False,,
5,37,266,True,49.51254881397381,43.846886435978064,False,False,,0,True,False,False,,False,False,,,False,,,False,,
5,36,267,True,49.512499988078616,39.806720197537516,False,False,,0,True,False,False,,False,False,,,False,,,False,,
5,35,268,True,51.14635779635455,38.66061772386064,False,False,,0,False,False,False,,False,False,,,False,,,False,,
5,34,269,True,55.0522284536878,37.625612373653354,False,False,,0,False,False,False,,False,False,,,False,,,False,,
5,33,270,True,57.954055917875394,39.15121321715935,False,False,,0,False,False,False,,False,False,,,False,,,False,,
5,32,271,True,58.540606034919165,41.708807776492165,True,False,,0,False,False,False,,True,True,,Victim Detection Device (Player),False,,,False,,True
5,31,272,True,59.699999988078616,45.8593610224398,False,False,,0,False,False,False,,False,False,,,False,,,False,,
5,30,273,True,59.83908901981658,47.36091718899772,False,False,,0,False,False,False,,False,False,,,False,,,False,,
5,29,274,True,58.95659391386516,44.53067775969677,False,False,,0,False,False,False,,False,False,,,False,,,False,,
5,28,275,True,58.512499988078616,40.49295672017328,False,False,,0,False,False,False,,False,False,,,False,,,False,,
5,27,276,True,61.00225232675621,38.43008103504533,False,False,,0,False,False,False,,False,False,,Victim Detection Device (Player),False,,,False,,True
5,26,277,True,65.04377724662731,38.73185990265932,False,False,,0,False,False,False,,False,False,,,False,,,False,,
5,25,278,True,67.34399254655477,39.69999998807907,True,False,,0,False,False,False,,True,True,,,False,,,False,,
5,24,279,True,67.93389608315374,43.11013157539952,False,False,,0,False,False,False,,False,False,,,False,,,False,,
5,23,280,True,68.43302120580847,46.807909491182414,False,False,,0,False,False,False,,False,False,,,False,,,False,,
5,22,281,True,70.30000001192161,45.26781292002741,False,False,,0,False,False,False,,False,False,,,False,,,False,,
5,21,282,True,70.22318906992518,46.794258636374224,False,False,,0,False,False,False,,False,False,,,False,,,False,,
5,20,283,True,67.30000001192161,47.87215839607518,False,False,,0,False,False,False,,False,False,,,False,,,False,,
5,19,284,True,67.56237133676473,43.14214108391471,False,False,,0,True,False,False,,False,False,,,False,,,False,,
5,18,285,True,67.87744195206187,39.14665501065869,False,False,,0,True,False,False,,False,False,,,False,,,False,,
5,17,286,True,71.99939581323724,38.93241294716805,False,False,,0,False,False,False,,False,False,,,False,,,False,,
5,16,287,True,75.61208855903305,37.983635489064426,False,False,,0,False,False,False,,False,False,,,False,,,False,,
5,15,288,True,76.45505179989345,40.537501858558926,True,False,,0,False,False,False,,True,True,,Victim Detection Device (Player),False,,,False,,True
5,14,289,True,77.02183211376655,44.798811473201994,False,False,,0,False,False,False,,False,False,,,False,,,False,,
5,13,290,True,78.50790517030259,46.86981980218681,False,False,,0,False,False,False,,False,False,,,False,,,False,,
5,12,291,True,79.58708220114636,48.29853042714572,False,False,,0,False,False,False,,False,False,,,False,,,False,,
5,11,292,True,80.69999998807839,48.69999998807907,False,False,,0,False,False,False,,False,False,,,False,,,False,,
5,10,293,True,80.69999998807839,48.69999998807907,True,False,,0,False,False,False,,False,False,,,True,Green,IN_PROGRESS,False,,
5,9,294,True,80.69999998807839,48.69999998807907,False,False,,0,False,False,False,,False,False,,,False,,,False,,
5,8,295,True,80.69999998807839,48.69999998807907,False,False,,0,False,False,False,,False,False,,,False,,,False,,
5,7,296,True,80.69999998807839,48.69999998807907,False,False,,0,False,False,False,,False,False,,,False,,,False,,
5,6,297,True,80.69999998807839,48.69999998807907,False,False,,0,False,False,False,,False,False,,,False,,,False,,
5,5,298,True,80.69999998807839,48.69999998807907,False,False,,0,False,False,False,,False,False,,,False,,,False,,
5,4,299,True,80.69999998807839,48.69999998807907,False,False,,0,False,False,False,,False,False,,,False,,,False,,
5,3,300,True,80.28045800051382,48.69999998807907,True,False,,190,False,False,False,,False,False,,,True,Green,SUCCESSFUL,False,,
5,2,301,True,79.58141461090668,45.84766895893878,False,False,,0,False,False,False,,False,False,,,False,,,False,,
5,1,302,True,80.88381627895501,43.219524842283136,False,False,,0,True,False,False,,False,False,,,False,,,False,,
5,0,303,True,82.3158041640254,42.48612787590102,True,False,,0,False,False,False,,False,False,,,False,,,True,,
4,59,304,True,82.32909423111164,42.48612787590102,False,False,,0,False,False,False,,False,False,,,True,Green,IN_PROGRESS,False,,
4,58,305,True,82.32909423111164,42.48612787590102,False,False,,0,False,False,False,,False,False,,,False,,,False,,
4,57,306,True,82.32909423111164,42.48612787590102,False,False,,0,False,False,False,,False,False,,,False,,,False,,
4,56,307,True,82.32909423111164,42.48612787590102,False,False,,0,False,False,False,,False,False,,,False,,,False,,
4,55,308,True,82.32909423111164,42.48612787590102,False,False,,0,False,False,False,,False,False,,,False,,,False,,
4,54,309,True,82.32909423111164,42.48612787590102,False,False,,0,False,False,False,,False,False,,,False,,,False,,
4,53,310,True,82.32909423111164,42.48612787590102,False,False,,0,False,False,False,,False,False,,,False,,,False,,
4,52,311,True,82.32909423111164,42.48612787590102,True,False,,200,False,False,False,,False,False,,,True,Green,SUCCESSFUL,False,,
4,51,312,True,80.49466953081469,43.92983242983095,False,False,,0,False,False,False,,False,False,,,False,,,False,,
4,50,313,True,78.35128802178906,47.00949753185142,False,False,,0,False,False,False,,False,False,,,False,,,False,,
4,49,314,True,76.42221572738822,44.176883162930835,False,False,,0,False,False,False,,False,False,,,False,,,False,,
4,48,315,True,76.30000001192161,39.94801675916642,False,False,,0,False,False,False,,False,False,,,False,,,False,,
4,47,316,True,76.70514900116154,36.30000001192093,True,False,,0,False,False,False,,True,True,,Victim Detection Device (Player),False,,,False,,True
4,46,317,True,76.61202380755776,34.17138731356775,False,False,,0,False,False,False,,False,False,,,False,,,False,,
4,45,318,True,77.40202142978706,30.22546914696099,False,False,,0,False,False,False,,False,False,,,False,,,False,,
4,44,319,True,80.43893874738751,29.369227320096655,False,False,,0,False,False,False,,False,False,,,False,,,False,,
4,43,320,True,81.91588765802976,27.69999998807907,False,False,,0,False,False,False,,False,False,,,False,,,False,,
4,42,321,True,82.62373192054474,28.040823968939435,False,False,,0,False,False,False,,False,False,,,False,,,False,,
4,41,322,True,82.63345044385756,28.05014667596936,True,False,,0,False,False,False,,False,False,,,True,Green,IN_PROGRESS,False,,
4,40,323,True,82.63345044385756,28.05014667596936,False,False,,0,False,False,False,,False,False,,,False,,,False,,
4,39,324,True,82.63345044385756,28.05014667596936,False,False,,0,False,False,False,,False,False,,,False,,,False,,
4,38,325,True,82.63345044385756,28.05014667596936,False,False,,0,False,False,False,,False,False,,,False,,,False,,
4,37,326,True,82.63345044385756,28.05014667596936,False,False,,0,False,False,False,,False,False,,,False,,,False,,
4,36,327,True,82.63345044385756,28.05014667596936,False,False,,0,False,False,False,,False,False,,,False,,,False,,
4,35,328,True,82.63345044385756,28.05014667596936,False,False,,0,False,False,False,,False,False,,,False,,,False,,
4,34,329,True,82.63345044385756,28.05014667596936,False,False,,210,False,False,False,,False,False,,,True,Green,SUCCESSFUL,False,,
4,33,330,True,82.4705984072607,27.30000001192093,True,False,,0,False,False,False,,False,False,,,False,,,False,,
4,32,331,True,80.22916403705904,29.680362996815205,False,False,,0,False,False,False,,False,False,,,False,,,False,,
4,31,332,True,81.28751702530849,33.21024391556887,False,False,,0,False,False,False,,False,False,,,False,,,False,,
4,30,333,True,81.69999998807839,33.69999998807907,True,False,,0,False,False,False,,False,False,,,True,Green,IN_PROGRESS,False,,
4,29,334,True,81.69999998807839,33.69999998807907,False,False,,0,False,False,False,,False,False,,,False,,,False,,
4,28,335,True,81.69999998807839,33.69999998807907,False,False,,0,False,False,False,,False,False,,,False,,,False,,
4,27,336,True,81.69999998807839,33.69999998807907,False,False,,0,False,False,False,,False,False,,,False,,,False,,
4,26,337,True,81.69999998807839,33.69999998807907,False,False,,0,False,False,False,,False,False,,,False,,,False,,
4,25,338,True,81.69999998807839,33.69999998807907,False,False,,0,False,False,False,,False,False,,,False,,,False,,
4,24,339,True,81.69999998807839,33.69999998807907,False,False,,0,False,False,False,,False,False,,,False,,,False,,
4,23,340,True,81.69999998807839,33.69999998807907,False,False,,220,False,False,False,,False,False,,,True,Green,SUCCESSFUL,False,,
4,22,341,True,81.69999998807839,32.321418326740314,True,False,,0,False,False,False,,False,False,,,False,,,False,,
4,21,342,True,80.48665808930446,32.09750010195427,False,False,,0,False,False,False,,False,False,,,False,,,False,,
4,20,343,True,78.29406478081205,29.661515342899747,False,False,,0,False,False,False,,False,False,,,False,,,False,,
4,19,344,True,76.30000001192161,32.22096867177456,False,False,,0,False,False,False,,False,False,,,False,,,False,,
4,18,345,True,76.4462378224489,36.51276838364518,False,False,,0,False,False,False,,False,False,,,False,,,False,,
4,17,346,True,77.42676273950315,38.195071633439994,False,False,,0,False,False,False,,False,False,,,False,,,False,,
4,16,347,True,77.42676273950315,38.195071633439994,False,False,,0,False,False,False,,False,False,,,False,,,False,,
4,15,348,True,75.73171254626845,37.70699516457316,False,False,,0,False,False,False,,False,False,,,False,,,False,,
4,14,349,True,73.83944713651476,34.78955337713839,False,False,,0,False,False,False,,False,False,,,False,,,False,,
4,13,350,True,73.13783105216976,30.549101022858707,False,False,,0,False,False,False,,False,False,,,False,,,False,,
4,12,351,True,73.88293911274968,26.163571844186066,False,False,,0,False,False,False,,False,False,,,False,,,False,,
4,11,352,True,74.67392148766362,25.191587330204015,True,False,,0,False,False,False,,True,True,,Victim Detection Device (Player),False,,,False,,True
4,10,353,True,74.69999998807839,25.777951005284336,False,False,,0,False,False,False,,False,False,,Victim Detection Device (Player),False,,,False,,True
4,9,354,True,75.51958322018663,25.48750001192093,False,False,,0,False,False,False,,False,False,,,False,,,False,,
4,8,355,True,79.56552352517588,25.140209681160627,False,False,,0,False,False,False,,False,False,,,False,,,False,,
4,7,356,True,82.69999998807839,25.24234134124103,True,False,,0,False,False,False,,False,False,,,False,,,False,,
4,6,357,True,82.69999998807839,25.24234134124103,False,False,,0,False,False,False,,False,False,,,True,Green,IN_PROGRESS,False,,
4,5,358,True,82.69999998807839,25.24234134124103,False,False,,0,False,False,False,,False,False,,,False,,,False,,
4,4,359,True,82.69999998807839,25.24234134124103,False,False,,0,False,False,False,,False,False,,,False,,,False,,
4,3,360,True,82.69999998807839,25.24234134124103,False,False,,0,False,False,False,,False,False,,,False,,,False,,
4,2,361,True,82.69999998807839,25.24234134124103,False,False,,0,False,False,False,,False,False,,,False,,,False,,
4,1,362,True,82.69999998807839,25.24234134124103,False,False,,0,False,False,False,,False,False,,,False,,,False,,
4,0,363,True,82.69999998807839,25.24234134124103,False,False,,230,False,False,False,,False,False,,,True,Green,SUCCESSFUL,False,,
3,59,364,True,82.69999998807839,25.24234134124103,True,True,asistmod:item_unpause_cookie,0,False,False,True,asistmod:item_first_aid,False,False,,,False,,,False,,
3,58,365,True,82.69999998807839,25.24234134124103,False,True,asistmod:item_first_aid,0,False,False,False,,False,False,,,False,,,False,,
3,57,366,True,82.68736515746173,24.059151429760817,False,False,,0,False,False,False,,False,False,,,False,,,False,,
3,56,367,True,83.01054468338748,22.769902809575512,True,False,,0,False,False,False,,False,False,,,False,,,False,,
3,55,368,True,83.01054468338748,22.766902160932176,False,False,,0,False,False,False,,False,False,,,True,Green,IN_PROGRESS,False,,
3,54,369,True,83.01054468338748,22.766902160932176,False,False,,0,False,False,False,,False,False,,,False,,,False,,
3,53,370,True,83.01054468338748,22.766902160932176,False,False,,0,False,False,False,,False,False,,,False,,,False,,
3,52,371,True,83.01054468338748,22.766902160932176,False,False,,0,False,False,False,,False,False,,,False,,,False,,
3,51,372,True,83.01054468338748,22.766902160932176,False,False,,0,False,False,False,,False,False,,,False,,,False,,
3,50,373,True,83.01054468338748,22.766902160932176,False,False,,0,False,False,False,,False,False,,,False,,,False,,
3,49,374,True,83.01054468338748,22.766902160932176,False,False,,240,False,False,False,,False,False,,,True,Green,SUCCESSFUL,False,,
3,48,375,True,83.01054468338748,22.766902160932176,True,False,,0,False,False,False,,False,False,,,False,,,False,,
3,47,376,True,81.81264481888593,20.968153019222484,False,False,,0,False,False,False,,False,False,,,False,,,False,,
3,46,377,True,79.01748495144034,19.396296424813528,False,False,,0,False,False,False,,False,False,,,False,,,False,,
3,45,378,True,81.69999998807839,20.140935192553314,False,False,,0,False,False,False,,False,False,,,False,,,False,,
3,44,379,True,82.64622966516959,23.988865534483438,False,False,,0,False,False,False,,False,False,,,False,,,False,,
3,43,380,True,78.97307034722917,24.99431023055803,False,False,,0,False,False,False,,False,False,,,False,,,False,,
3,42,381,True,74.76837658114005,25.5751274423163,False,False,,0,False,False,False,,False,False,,,False,,,False,,
3,41,382,True,73.98592444339738,24.020063342478693,False,False,,0,False,False,False,,False,False,,,False,,,False,,
3,40,383,True,73.98592444339738,24.01705469016636,False,False,,0,False,False,False,,False,False,,,False,,,False,,
3,39,384,True,73.90575411516602,21.281252294909336,False,False,,0,False,False,False,,False,False,,,False,,,False,,
3,38,385,True,71.84337949058568,17.496383833345305,False,False,,0,False,False,False,,False,False,,,False,,,False,,
3,37,386,True,71.30000001192161,16.13669818902011,True,False,,0,False,False,False,,True,True,,,False,,,False,,
3,36,387,True,71.30000001192161,17.139581973324766,False,False,,0,False,False,False,,False,False,,,False,,,False,,
3,35,388,True,71.30000001192161,17.01825532617059,False,False,,0,False,False,False,,False,False,,,False,,,False,,
3,34,389,True,69.11300588164568,16.6923424012935,False,False,,0,False,False,False,,False,False,,,False,,,False,,
3,33,390,True,68.3543124282578,15.427970094068542,False,False,,0,False,False,False,,False,False,,,False,,,False,,
3,32,391,True,64.54346942834013,14.92983839550135,False,False,,0,False,False,False,,False,False,,,False,,,False,,
3,31,392,True,62.30000001192184,18.468197070908843,False,False,,0,False,False,False,,False,False,,,False,,,False,,
3,30,393,True,62.30475416165518,22.731857625499003,False,False,,0,False,False,False,,False,False,,,False,,,False,,
3,29,394,True,62.322595956532496,27.264720754078326,False,False,,0,False,False,False,,False,False,,,False,,,False,,
3,28,395,True,62.33374562978952,28.164489062395234,False,False,,0,False,False,False,,False,False,,,False,,,False,,
3,27,396,True,62.30813053849215,27.639435198798765,False,False,,0,False,False,False,,False,False,,,False,,,False,,
3,26,397,True,62.889746686086255,24.30000001192093,False,False,,0,True,False,False,,False,False,,,False,,,False,,
3,25,398,True,62.446329635277834,22.216923487968614,False,False,,0,False,False,False,,False,False,,,False,,,False,,
3,24,399,True,62.45456647347055,19.949069763833677,False,False,,0,False,False,False,,False,False,,,False,,,False,,
3,23,400,True,64.17490668552159,17.618622458646627,False,False,,0,False,False,False,,False,False,,,False,,,False,,
3,22,401,True,65.69999998807839,14.844633723727014,False,False,,0,False,False,False,,False,False,,,False,,,False,,
3,21,402,True,69.11333713517615,14.913527459992508,False,False,,0,False,False,False,,False,False,,,False,,,False,,
3,20,403,True,71.27577965469959,16.51249998807907,False,False,,0,False,False,False,,False,False,,,False,,,False,,
3,19,404,True,72.92878454064044,20.497565581561815,False,False,,0,False,False,False,,False,False,,,False,,,False,,
3,18,405,True,72.68438115245362,22.13951492428032,False,False,,0,False,False,False,,False,False,,,False,,,False,,
3,17,406,True,72.65524698240165,21.76324283110216,False,False,,0,False,False,False,,False,False,,,False,,,False,,
3,16,407,True,72.26970464671695,16.729750030571097,False,False,,0,True,False,False,,False,False,,,False,,,False,,
3,15,408,True,71.05707928335005,11.323355192379893,False,False,,0,False,False,False,,False,False,,,False,,,False,,
3,14,409,True,69.93281967231042,9.300000011920929,True,False,,0,True,False,False,,True,True,,Victim Detection Device (Player),False,,,False,,True
3,13,410,True,70.35817585681161,6.524904868516245,False,False,,0,False,False,False,,False,False,,,False,,,False,,
3,12,411,True,72.17594684395544,3.046649342364475,False,False,,0,False,False,False,,False,False,,,False,,,False,,
3,11,412,True,76.14692855104931,4.3915316471597805,False,False,,0,False,False,False,,False,False,,,False,,,False,,
3,10,413,True,78.33889452994526,7.449183150312763,False,False,,0,False,False,False,,False,False,,,False,,,False,,
3,9,414,True,82.35947257303314,7.29508161648431,False,False,,0,False,False,False,,False,False,,,False,,,False,,
3,8,415,True,83.69999998807839,8.067079516362412,True,False,,0,False,False,False,,True,True,,Victim Detection Device (Player),False,,,False,,True
3,7,416,True,85.93380194266592,8.12839311486087,True,False,,0,False,False,False,,False,False,,,False,,,False,,
3,6,417,True,87.04589254921348,5.657254032029073,True,False,,0,False,False,False,,False,False,,,False,,,False,,
3,5,418,True,87.11857682301275,5.416350525421308,False,False,,0,False,False,False,,False,False,,,True,Green,IN_PROGRESS,False,,
3,4,419,True,87.11857682301275,5.416350525421308,False,False,,0,False,False,False,,False,False,,,False,,,False,,
3,3,420,True,87.11857682301275,5.416350525421308,False,False,,0,False,False,False,,False,False,,,False,,,False,,
3,2,421,True,87.11857682301275,5.416350525421308,False,False,,0,False,False,False,,False,False,,,False,,,False,,
3,1,422,True,87.11857682301275,5.416350525421308,False,False,,0,False,False,False,,False,False,,,False,,,False,,
3,0,423,True,87.11857682301275,5.416350525421308,False,False,,0,False,False,False,,False,False,,,False,,,False,,
2,59,424,True,87.11857682301275,5.416350525421308,False,False,,0,False,False,False,,False,False,,,False,,,False,,
2,58,425,True,87.11857682301275,5.416350525421308,True,False,,250,False,False,False,,False,False,,,True,Green,SUCCESSFUL,False,,
2,57,426,True,87.11857682301275,5.416350525421308,False,False,,0,False,False,False,,False,False,,,False,,,False,,
2,56,427,True,87.0890001045866,5.300000011920929,False,False,,0,False,False,False,,False,False,,,False,,,False,,
2,55,428,True,89.69999998807839,5.154299143594869,False,False,,0,False,False,False,,False,False,,,False,,,False,,
2,54,429,True,89.76216528355917,6.170199966860594,False,False,,0,False,False,False,,False,False,,,False,,,False,,
2,53,430,True,90.20678059516558,10.67423521793799,False,False,,0,False,False,False,,False,False,,,False,,,False,,
2,52,431,True,90.14920114607276,11.699999988079071,False,False,,0,False,False,False,,False,False,,,False,,,False,,
2,51,432,True,89.18716427157369,12.699999988079071,False,False,,0,False,False,False,,False,False,,,False,,,False,,
2,50,433,True,89.18716427157369,12.699999988079071,True,False,,0,False,False,False,,False,False,,,True,Green,IN_PROGRESS,False,,
2,49,434,True,89.18716427157369,12.699999988079071,False,False,,0,False,False,False,,False,False,,,False,,,False,,
2,48,435,True,89.18716427157369,12.699999988079071,False,False,,0,False,False,False,,False,False,,,False,,,False,,
2,47,436,True,89.18716427157369,12.699999988079071,False,False,,0,False,False,False,,False,False,,,False,,,False,,
2,46,437,True,89.18716427157369,12.699999988079071,False,False,,0,False,False,False,,False,False,,,False,,,False,,
2,45,438,True,89.18716427157369,12.699999988079071,False,False,,0,False,False,False,,False,False,,,False,,,False,,
2,44,439,True,89.18716427157369,12.699999988079071,False,False,,0,False,False,False,,False,False,,,False,,,False,,
2,43,440,True,89.18716427157369,12.699999988079071,False,False,,260,False,False,False,,False,False,,,True,Green,SUCCESSFUL,False,,
2,42,441,True,88.75926099175126,12.656103371617576,True,False,,0,False,False,False,,False,False,,,False,,,False,,
2,41,442,True,86.28999292811386,9.681717105139086,False,False,,0,False,False,False,,False,False,,,False,,,False,,
2,40,443,True,83.93782013887221,8.300000011920929,False,False,,0,False,False,False,,False,False,,,False,,,False,,
2,39,444,True,82.30000001192161,7.783316249520169,False,False,,0,False,False,False,,False,False,,,False,,,False,,
2,38,445,True,78.3964867076204,6.851285412840156,False,False,,0,False,False,False,,False,False,,,False,,,False,,
2,37,446,True,75.30000001192161,6.542005734566828,True,False,,0,False,False,False,,False,False,,,False,,,False,,
2,36,447,True,75.30000001192161,6.5389005987850055,False,False,,0,False,False,False,,False,False,,,True,Green,IN_PROGRESS,False,,
2,35,448,True,75.30000001192161,6.5389005987850055,False,False,,0,False,False,False,,False,False,,,False,,,False,,
2,34,449,True,75.30000001192161,6.5389005987850055,False,False,,0,False,False,False,,False,False,,,False,,,False,,
2,33,450,True,75.30000001192161,6.5389005987850055,False,False,,0,False,False,False,,False,False,,,False,,,False,,
2,32,451,True,75.30000001192161,6.5389005987850055,False,False,,0,False,False,False,,False,False,,,False,,,False,,
2,31,452,True,75.30000001192161,6.5389005987850055,False,False,,0,False,False,False,,False,False,,,False,,,False,,
2,30,453,True,75.30000001192161,6.5389005987850055,False,False,,0,False,False,False,,False,False,,,False,,,False,,
2,29,454,True,75.30000001192161,6.5389005987850055,True,False,,270,False,False,False,,False,False,,,True,Green,SUCCESSFUL,False,,
2,28,455,True,73.40732886754517,3.949682682569147,False,False,,0,False,False,False,,False,False,,,False,,,False,,
2,27,456,True,73.30000001192161,3.9431403407426444,False,False,,0,False,False,False,,False,False,,,False,,,False,,
2,26,457,True,71.18939766794051,3.1858707844203025,False,False,,0,False,False,False,,False,False,,,False,,,False,,
2,25,458,True,69.7637197573938,6.636934236727143,False,False,,0,False,False,False,,False,False,,,False,,,False,,
2,24,459,True,69.60283659286779,8.304965941129069,False,False,,0,False,False,False,,False,False,,,False,,,False,,
2,23,460,True,68.15172835883163,10.531678085302559,False,False,,0,False,False,False,,False,False,,,False,,,False,,
2,22,461,True,69.38295753348507,11.277996212512875,False,False,,0,False,False,False,,False,False,,,False,,,False,,
2,21,462,True,72.57289647533139,13.949184369779118,False,False,,0,False,False,False,,False,False,,,False,,,False,,
2,20,463,True,72.62275380319647,17.711121523040987,False,False,,0,False,False,False,,False,False,,,False,,,False,,
2,19,464,True,72.60932026682872,17.74077006672789,False,False,,0,False,False,False,,False,False,,,False,,,False,,
2,18,465,True,72.73633998658511,20.464763407403836,False,False,,0,False,False,False,,False,False,,,False,,,False,,
2,17,466,True,73.90839890243001,23.75101109168608,False,False,,0,False,False,False,,False,False,,,False,,,False,,
2,16,467,True,74.07811915462571,27.54435975079022,False,False,,0,False,False,False,,False,False,,,False,,,False,,
2,15,468,True,73.77330152277477,32.06713378515249,False,False,,0,False,False,False,,False,False,,,False,,,False,,
2,14,469,True,74.42958700072859,36.145533698728826,False,False,,0,False,False,False,,False,False,,,False,,,False,,
2,13,470,True,76.9488640716404,37.820430638154704,False,False,,0,False,False,False,,False,False,,,False,,,False,,
2,12,471,True,74.40205885298906,37.816208896884376,False,False,,0,True,False,False,,False,False,,,False,,,False,,
2,11,472,True,68.81187577723563,38.29357621550005,False,False,,0,False,False,False,,False,False,,,False,,,False,,
2,10,473,True,62.93366759398259,38.660519326373816,False,False,,0,False,False,False,,False,False,,,False,,,False,,
2,9,474,True,59.16451247133409,35.00407479145096,False,False,,0,False,False,False,,False,False,,,False,,,False,,
2,8,475,True,58.353230272284236,31.263501683896635,False,False,,0,True,False,False,,False,False,,,False,,,False,,
2,7,476,True,60.385292517115886,32.782046086943495,True,False,,0,False,False,False,,True,True,,,False,,,False,,
2,6,477,True,60.69999998807816,34.086865026666175,True,False,,0,False,False,False,,False,False,,,False,,,False,,
2,5,478,True,62.75460233611193,32.991313550450286,False,False,,0,False,False,False,,False,False,,,False,,,False,,
2,4,479,True,62.15971218164259,32.99345328676998,False,False,,0,False,False,False,,False,False,,,False,,,False,,
2,3,480,True,60.24864039587101,31.986644730463297,False,False,,0,False,False,False,,False,False,,,False,,,False,,
2,2,481,True,58.865033305283305,27.852695104244532,False,False,,0,False,False,False,,False,False,,,False,,,False,,
2,1,482,True,57.7985592177788,26.98116276363004,False,False,,0,False,False,False,,True,True,,Victim Detection Device (Player),False,,,False,,True
2,0,483,True,55.06780059792845,26.667184138736104,True,False,,0,False,False,False,,False,False,,,False,,,False,,
1,59,484,True,54.4089125543951,26.698708482866493,False,False,,0,False,False,False,,False,False,,,False,,,False,,
1,58,485,True,50.79790591867686,27.060824363139915,False,False,,0,False,False,False,,False,False,,,False,,,False,,
1,57,486,True,48.30000001192184,28.898331932833486,False,False,,0,False,False,False,,False,False,,,False,,,False,,
1,56,487,True,48.30747368838729,33.15922288005444,False,False,,0,False,False,False,,False,False,,,False,,,False,,
1,55,488,True,48.47306549431232,33.69999998807907,True,False,,0,False,False,False,,False,False,,,True,Green,IN_PROGRESS,False,,
1,54,489,True,48.48421298224048,33.69999998807907,False,False,,0,False,False,False,,False,False,,,False,,,False,,
1,53,490,True,48.48421298224048,33.69999998807907,False,False,,0,False,False,False,,False,False,,,False,,,False,,
1,52,491,True,48.48421298224048,33.69999998807907,False,False,,0,False,False,False,,False,False,,,False,,,False,,
1,51,492,True,48.48421298224048,33.69999998807907,False,False,,0,False,False,False,,False,False,,,False,,,False,,
1,50,493,True,48.48421298224048,33.69999998807907,False,False,,0,False,False,False,,False,False,,,False,,,False,,
1,49,494,True,48.48421298224048,33.69999998807907,False,False,,0,False,False,False,,False,False,,,False,,,False,,
1,48,495,True,48.48421298224048,33.69999998807907,False,False,,280,False,False,False,,False,False,,,True,Green,SUCCESSFUL,False,,
1,47,496,True,48.48421298224048,33.69999998807907,True,False,,0,False,False,False,,False,False,,,False,,,False,,
1,46,497,True,48.30000001192184,30.98755477831162,False,False,,0,False,False,False,,False,False,,,False,,,False,,
1,45,498,True,48.69999998807816,28.086168068545504,False,False,,0,False,False,False,,False,False,,,False,,,False,,
1,44,499,True,52.03246785242163,26.145277450798773,False,False,,0,False,False,False,,False,False,,,False,,,False,,
1,43,500,True,56.25182382773346,26.041015510616603,False,False,,0,False,False,False,,False,False,,,False,,,False,,
1,42,501,True,58.51946215050748,28.273322537796332,False,False,,0,False,False,False,,False,False,,,False,,,False,,
1,41,502,True,58.38073368077721,30.133477173969965,False,False,,0,False,False,False,,False,False,,,False,,,False,,
1,40,503,True,58.00239899325106,27.395675608660554,False,False,,0,False,False,False,,False,False,,,False,,,False,,
1,39,504,True,57.30000001192184,23.346347340365554,False,False,,0,False,False,False,,False,False,,,False,,,False,,
1,38,505,True,57.86593261910957,23.3698798946416,False,False,,0,False,False,False,,False,False,,,False,,,False,,
1,37,506,True,57.30000001192184,26.837082482317868,False,False,,0,False,False,False,,False,False,,,False,,,False,,
1,36,507,True,57.47965692133948,26.538533658985983,False,False,,0,False,False,False,,False,False,,,False,,,False,,
1,35,508,True,58.37853871322386,21.306042315610824,False,False,,0,True,False,False,,False,False,,,False,,,False,,
1,34,509,True,58.575687114920584,16.258939971123738,False,False,,0,False,False,False,,False,False,,,False,,,False,,
1,33,510,True,56.84206406744988,10.725237405660835,False,False,,0,False,False,False,,False,False,,,False,,,False,,
1,32,511,True,54.024865073487945,9.513628484067624,False,False,,0,True,False,False,,False,False,,,False,,,False,,
1,31,512,True,54.12348102616397,10.483012910935258,False,False,,0,False,False,False,,False,False,,,False,,,False,,
1,30,513,True,54.12348102616397,10.483012910935258,False,False,,0,False,False,False,,False,False,,,False,,,False,,
1,29,514,True,53.42041625522552,10.583310424587154,False,False,,0,True,False,False,,False,False,,,False,,,False,,
1,28,515,True,48.24168395402785,11.163006884125934,False,False,,0,False,False,False,,False,False,,,False,,,False,,
1,27,516,True,42.64773246881805,11.556927964854083,False,False,,0,False,False,False,,False,False,,,False,,,False,,
1,26,517,True,37.040380524187185,11.448741623031935,False,False,,0,False,False,False,,False,False,,,False,,,False,,
1,25,518,True,35.878473393330296,11.432513671758613,False,False,,0,True,False,False,,False,False,,,False,,,False,,
1,24,519,True,35.86698954577696,11.432513671758613,False,False,,0,False,False,False,,False,False,,,False,,,False,,
1,23,520,True,34.6789202855166,11.5725834187256,False,False,,0,True,False,False,,False,False,,,False,,,False,,
1,22,521,True,29.39728136782378,11.793570070349915,False,False,,0,False,False,False,,False,False,,,False,,,False,,
1,21,522,True,25.213648415600346,12.06270305471449,False,False,,0,True,False,False,,False,False,,,False,,,False,,
1,20,523,True,25.203247078145523,12.06270305471449,False,False,,0,False,False,False,,False,False,,,False,,,False,,
1,19,524,True,25.339243889632144,12.781437009572983,False,False,,0,False,False,False,,False,False,,,False,,,False,,
1,18,525,True,26.424912347486952,15.534043444982842,False,False,,0,False,False,False,,False,False,,,False,,,False,,
1,17,526,True,26.469127251775262,15.539204140813354,False,False,,0,False,False,False,,False,False,,,False,,,False,,
1,16,527,True,25.30000001192184,14.19211635545875,False,False,,0,False,False,False,,False,False,,,False,,,False,,
1,15,528,True,23.371851454015996,11.821943958671966,False,False,,0,False,False,False,,False,False,,,False,,,False,,
1,14,529,True,20.567404330328372,8.832787207657617,False,False,,0,False,False,False,,False,False,,,False,,,False,,
1,13,530,True,18.772128277229513,5.75703834399684,False,False,,0,False,False,False,,False,False,,,False,,,False,,
1,12,531,True,18.310802102738762,3.5562465491526893,False,False,,0,False,False,False,,False,False,,,False,,,False,,
1,11,532,True,17.691895769786242,1.614807462084741,False,False,,0,False,False,False,,False,False,,,False,,,False,,
1,10,533,True,17.67626431249073,1.589106063436219,False,False,,0,False,False,False,,False,False,,,False,,,False,,
1,9,534,True,18.623455715191994,2.974234040829998,False,False,,0,False,False,False,,False,False,,,False,,,False,,
1,8,535,True,20.19455279705835,6.699999988079071,False,False,,0,False,False,False,,False,False,,,False,,,False,,
1,7,536,True,21.48468156396075,9.992327087299088,False,False,,0,False,False,False,,False,False,,,False,,,False,,
1,6,537,True,25.948318508833836,10.5675474074703,False,False,,0,False,False,False,,False,False,,,False,,,False,,
1,5,538,True,30.26540285992951,10.557212284594897,False,False,,0,False,False,False,,False,False,,,False,,,False,,
1,4,539,True,34.36658846038972,10.542038508053992,False,False,,0,False,False,False,,False,False,,,False,,,False,,
1,3,540,True,36.93160705400669,11.173130254493799,True,False,,0,False,False,False,,False,False,,,False,,,False,,
1,2,541,True,36.93160705400669,11.173130254493799,False,False,,0,False,False,False,,False,False,,,False,,,False,,
1,1,542,True,36.93160705400669,11.173130254493799,False,False,,0,False,False,False,,False,False,,,False,,,False,,
1,0,543,True,36.93160705400669,11.173130254493799,False,False,,0,False,False,False,,False,False,,,False,,,False,,
0,59,544,True,36.93160705400669,11.173130254493799,False,False,,0,False,False,False,,False,False,,,False,,,False,,
0,58,545,True,36.93160705400669,11.173130254493799,False,False,,0,False,False,False,,False,False,,,False,,,False,,
0,57,546,True,37.027542699655896,12.410952463037773,False,False,,0,True,False,False,,False,False,,,False,,,False,,
0,56,547,True,37.46533390022023,17.98091014351664,False,False,,0,False,False,False,,False,False,,,False,,,False,,
0,55,548,True,37.823478836315644,23.29669905997781,False,False,,0,False,False,False,,False,False,,,False,,,False,,
0,54,549,True,35.30000001192184,28.165415461169005,False,False,,0,False,False,False,,False,False,,,False,,,False,,
0,53,550,True,35.878801389394994,32.70583132661969,False,False,,0,True,False,False,,False,False,,,False,,,False,,
0,52,551,True,37.00123497758932,36.811918854210234,False,False,,0,False,False,False,,False,False,,,False,,,False,,
0,51,552,True,41.21758755294104,37.31191233336071,False,False,,0,False,False,False,,False,False,,,False,,,False,,
0,50,553,True,45.309728812552294,37.58616903685038,False,False,,0,False,False,False,,False,False,,,False,,,False,,
0,49,554,True,49.4967602769143,38.00326718048623,False,False,,0,False,False,False,,False,False,,,False,,,False,,
0,48,555,True,50.69032465595137,38.69994737055035,False,False,,0,False,False,False,,False,False,,,False,,,False,,
0,47,556,True,54.712616459119545,38.808170534618085,False,False,,0,False,False,False,,False,False,,,False,,,False,,
0,46,557,True,58.34982855801218,39.183684093826145,False,False,,0,False,False,False,,False,False,,Victim Detection Device (Player),False,,,False,,True
0,45,558,True,58.81785482375881,38.475146130475366,False,False,,0,False,False,False,,False,False,,,False,,,False,,
0,44,559,True,59.08542477136825,34.63752562883755,False,False,,0,False,False,False,,False,False,,,False,,,False,,
0,43,560,True,59.12294277625506,31.045339706204174,False,False,,0,True,False,False,,False,False,,,False,,,False,,
0,42,561,True,59.10283096688681,25.867996248489902,False,False,,0,False,False,False,,False,False,,,False,,,False,,
0,41,562,True,59.01228975127333,19.697651071560898,False,False,,0,False,False,False,,False,False,,,False,,,False,,
0,40,563,True,58.744794464152164,14.10775047112503,False,False,,0,False,False,False,,False,False,,,False,,,False,,
0,39,564,True,55.34032303824915,10.910930281114105,False,False,,0,False,False,False,,False,False,,,False,,,False,,
0,38,565,True,54.69999998807816,8.205213590426297,False,False,,0,True,False,False,,False,False,,,False,,,False,,
0,37,566,True,55.17931282640029,4.255372087947308,False,False,,0,False,False,False,,False,False,,,False,,,False,,
0,36,567,True,56.33922994376553,2.8799539400257856,False,False,,0,False,False,False,,False,False,,,False,,,False,,
0,35,568,True,59.54267361308075,4.9428555011012065,False,False,,0,False,False,False,,False,False,,,False,,,False,,
0,34,569,True,61.509274467726755,7.699999988079071,False,False,,0,False,False,False,,False,False,,,False,,,False,,
0,33,570,True,61.82268182787675,4.964209206889308,False,False,,0,False,False,False,,False,False,,,False,,,False,,
0,32,571,True,58.35017190434837,2.999757981607104,False,False,,0,False,False,False,,False,False,,,False,,,False,,
0,31,572,True,55.22137438094569,4.895186399866674,False,False,,0,False,False,False,,False,False,,,False,,,False,,
0,30,573,True,54.300876821788734,7.699999988079071,False,False,,0,False,False,False,,False,False,,,False,,,False,,
0,29,574,True,54.445301692128396,10.262987008415053,False,False,,0,False,False,False,,False,False,,,False,,,False,,
0,28,575,True,51.76967236345581,12.69205346237868,False,False,,0,False,False,False,,False,False,,,False,,,False,,
0,27,576,True,47.94549910623391,12.62013740837574,False,False,,0,True,False,False,,False,False,,,False,,,False,,
0,26,577,True,42.37487641311964,12.180389391622214,False,False,,0,False,False,False,,False,False,,,False,,,False,,
0,25,578,True,37.69197036026071,9.398702460811393,False,False,,0,False,False,False,,False,False,,,False,,,False,,
0,24,579,True,37.9529820065909,5.896914827002689,False,False,,0,True,False,False,,False,False,,,False,,,False,,
0,23,580,True,40.184646900738244,2.8028599220606907,False,False,,0,False,False,False,,False,False,,,False,,,False,,
0,22,581,True,41.29507981553388,2.7294967699606616,False,False,,0,False,False,False,,False,False,,,False,,,False,,
0,21,582,True,41.85943523933747,2.1353977873743304,False,False,,0,False,False,False,,False,False,,,False,,,False,,
0,20,583,True,45.40201512571093,1.3018132653087378,False,False,,0,False,False,False,,False,False,,,False,,,False,,
0,19,584,True,47.04950227729478,1.3008341006934643,False,False,,0,False,False,False,,False,False,,,False,,,False,,
0,18,585,True,42.84846217058157,1.300000011920929,False,False,,0,False,False,False,,False,False,,,False,,,False,,
0,17,586,True,39.144484536926484,2.173652322558297,False,False,,0,False,False,False,,False,False,,,False,,,False,,
0,16,587,True,37.31252112182983,4.035801288291509,False,False,,0,False,False,False,,False,False,,,False,,,False,,
0,15,588,True,37.30000001192184,7.699999988079071,False,False,,0,False,False,False,,False,False,,,False,,,False,,
0,14,589,True,37.46335377301466,10.4273483278578,False,False,,0,False,False,False,,False,False,,,False,,,False,,
0,13,590,True,34.44623575721653,11.97613689175509,False,False,,0,False,False,False,,False,False,,,False,,,False,,
0,12,591,True,29.571895485551522,11.35435391091005,False,False,,0,True,False,False,,False,False,,,False,,,False,,
0,11,592,True,26.10979230052999,9.300000011920929,False,False,,0,True,False,False,,False,False,,,False,,,False,,
0,10,593,True,25.50779278599748,7.1390102877602715,False,False,,0,False,False,False,,False,False,,,False,,,False,,
0,9,594,True,25.522634082241893,7.925484837148588,False,False,,0,False,False,False,,False,False,,,False,,,False,,
0,8,595,True,25.451746523497604,12.448139134060938,False,False,,0,False,False,False,,False,False,,,False,,,False,,
0,7,596,True,26.34983954997415,16.287655762700126,False,False,,0,False,False,False,,False,False,,,False,,,False,,
0,6,597,True,25.531222361528307,19.614064804908082,False,False,,0,False,False,False,,False,False,,,False,,,False,,
0,5,598,True,25.53549780735466,24.71371397651734,False,False,,0,True,False,False,,False,False,,,False,,,False,,
0,4,599,True,25.47658241159934,29.763150729894647,False,False,,0,False,False,False,,False,False,,,False,,,False,,
0,3,600,True,25.491386540651547,35.65551939990891,True,False,,0,False,False,False,,True,True,,,False,,,False,,
0,2,601,True,24.264070184325192,39.00179749680146,True,False,,0,True,False,False,,False,False,,,False,,,False,,
0,1,602,True,22.522726792361937,39.04748308011389,True,False,,0,False,False,False,,True,True,,Victim Detection Device (Player),False,,,False,,True
0,0,603,True,23.022295951347132,42.79685067517508,True,False,,0,False,False,False,,False,False,,,False,,,False,,
